year,month,dec_date,P,D,CPI,GS10,CAPE,stock_ret_nom,stock_ret_real,bond_ret_nom,bond_ret_real
1871,1,1871.0416666666667,4.44,0.26,12.46406116,5.32,,0.018393393393393298,-0.011781082556909017,0.004179936274449725,-0.02557340220305626
1871,2,1871.125,4.5,0.26,12.84464132,5.323333333333333,,0.029259259259259318,0.014230495615726868,0.004182754739342291,-0.010479853481204615
1871,3,1871.2083333333333,4.61,0.26,13.0349719,5.326666666666667,,0.03289949385394064,0.07202588722415615,0.004185573194349431,0.04222427878698998
1871,4,1871.2916666666667,4.74,0.26,12.55922645,5.33,,0.029887482419127975,0.0538364578887065,0.0041883916394742544,0.027539761151917697
1871,5,1871.375,4.86,0.26,12.27381157,5.333333333333334,,-0.0037722908093278384,0.011919594489225638,0.004191210074719869,0.020008530894986443
1871,6,1871.4583333333333,4.82,0.26,12.08348099,5.336666666666667,,-0.014177040110650019,-0.014177040110650019,0.004194028500089162,0.004194028500089209
1871,7,1871.5416666666667,4.73,0.26,12.08348099,5.34,,0.01726568005637752,0.0335383289305764,0.004196846915583243,0.020260440734583884
1871,8,1871.625,4.79,0.26,11.8932314,5.343333333333334,,0.014961725817675742,-0.008824594313369682,0.004199665321208774,-0.019334438583621383
1871,9,1871.7083333333333,4.84,0.26,12.17864628,5.346666666666668,,-0.04717630853994492,-0.061831967262259036,0.004202483716967086,-0.01124344717388226
1871,10,1871.7916666666667,4.59,0.26,12.36889587,5.3500000000000005,,0.01561365286855465,0.01561365286855465,0.004205302102860623,0.00420530210286052
1871,11,1871.875,4.64,0.26,12.36889587,5.3533333333333335,,0.026221264367816133,0.0030686752348998425,0.004208120478892936,-0.018447829874765675
1871,12,1871.9583333333333,4.74,0.26,12.65439174,5.3566666666666665,,0.029887482419127975,0.029887482419127975,0.004210938845066469,0.004210938845066403
1872,1,1872.0416666666667,4.86,0.2633,12.65439174,5.36,,0.00862997256515774,0.00862997256515774,0.0030766682561381075,0.00307666825613806
1872,2,1872.125,4.88,0.2667,12.65439174,5.378333333333333,,0.03734118852459023,0.02197651460985739,0.003093171227400107,-0.011764235045964133
1872,3,1872.2083333333333,5.04,0.27,12.84464132,5.3966666666666665,,0.03224206349206349,0.009797450636707561,0.003109672564364299,-0.018701498524715476
1872,4,1872.2916666666667,5.18,0.2733,13.13013719,5.415000000000001,,0.004396718146718159,0.004396718146718159,0.00312617226972786,0.0031261722697277783
1872,5,1872.375,5.18,0.2767,13.13013719,5.433333333333334,,-0.005201093951093916,0.002061700868266181,0.003142670346187074,0.010466381042860462
1872,6,1872.4583333333333,5.13,0.28,13.0349719,5.451666666666666,,-0.001299545159194282,0.013499095930155747,0.0031591667964343453,0.018023876623044277
1872,7,1872.5416666666667,5.1,0.2833,12.84464132,5.470000000000001,,-0.007135620915032503,-0.014437602267154959,0.0031756616231513072,-0.00420215364385057
1872,8,1872.625,5.04,0.2867,12.93980661,5.488333333333333,,-0.013116732804232756,-0.02032173739030585,0.003192154829020701,-0.0041319171423218615
1872,9,1872.7083333333333,4.95,0.29,13.0349719,5.506666666666667,,0.008922558922558776,0.031515112769042064,0.003208646416714391,0.025673250030723738
1872,10,1872.7916666666667,4.97,0.2933,12.74947603,5.5249999999999995,,0.000893695506371639,-0.028123621651465314,0.003225136388905016,-0.025859772522009217
1872,11,1872.875,4.95,0.2967,13.13013719,5.543333333333333,,0.029237373737373673,0.04437634390944112,0.00324162474825367,0.017998225528585987
1872,12,1872.9583333333333,5.07,0.3,12.93980661,5.5616666666666665,,0.012820512820512997,0.012820512820512997,0.003258111497421669,0.003258111497421723
1873,1,1873.0416666666667,5.11,0.3025,12.93980661,5.58,,0.012760926288323482,-0.009095572558507459,0.005338607504695016,-0.016357709508769136
1873,2,1873.125,5.15,0.305,13.22522149,5.570833333333334,,-0.0028317152103559673,-0.0028317152103559673,0.005331270959206665,0.005331270959206602
1873,3,1873.2083333333333,5.11,0.3075,13.22522149,5.561666666666666,,-0.008683953033268188,-0.008683953033268188,0.005323934614990867,0.005323934614990922
1873,4,1873.2916666666667,5.04,0.31,13.22522149,5.552499999999999,,0.0071097883597881495,0.02932373081310069,0.00531659847221549,0.02749098831921759
1873,5,1873.375,5.05,0.3125,12.93980661,5.543333333333333,,-0.008704620462046009,0.02133443932031942,0.005309262531043292,0.03577298268982321
1873,6,1873.4583333333333,4.98,0.315,12.55922645,5.534166666666667,,0.003263052208835271,0.003263052208835271,0.00530192679164236,0.00530192679164232
1873,7,1873.5416666666667,4.97,0.3175,12.55922645,5.525,,0.005323608316565975,0.005323608316565975,0.0052945912541798945,0.00529459125417997
1873,8,1873.625,4.97,0.32,12.55922645,5.515833333333333,,-0.07109322602280355,-0.07109322602280355,0.0052872559188235375,0.005287255918823508
1873,9,1873.7083333333333,4.59,0.3225,12.55922645,5.506666666666667,,-0.08129084967320244,-0.05992721211041507,0.005279920785737604,0.02865667268722305
1873,10,1873.7916666666667,4.19,0.325,12.27381157,5.4975000000000005,,-0.029335719968178187,0.0017252729851278126,0.005272585855090181,0.03744103518174424
1873,11,1873.875,4.04,0.3275,11.8932314,5.488333333333332,,0.10081476897689767,0.07501642423756993,0.005265251127050687,-0.01829382550774561
1873,12,1873.9583333333333,4.42,0.33,12.17864628,5.479166666666666,,0.06052036199095023,0.04420818941095517,0.005257916601782994,-0.010204248209678246
1874,1,1874.0416666666667,4.66,0.33,12.36889587,5.47,,0.0359442060085835,0.0359442060085835,0.007078525581888265,0.007078525581888373
1874,2,1874.125,4.8,0.33,12.36889587,5.4366666666666665,,-0.008854166666666607,-0.008854166666666607,0.007054788460065427,0.007054788460065353
1874,3,1874.2083333333333,4.73,0.33,12.36889587,5.403333333333332,,-0.021670190274841628,-0.006387141493742754,0.007031061155330175,0.0227624685792156
1874,4,1874.2916666666667,4.6,0.33,12.17864628,5.37,,-0.02010869565217377,-0.01239141284071299,0.007007343697254635,0.014938182995498872
1874,5,1874.375,4.48,0.33,12.08348099,5.336666666666667,,0.0016741071428569843,0.025906272157418364,0.006983636115508627,0.03134424747933395
1874,6,1874.4583333333333,4.46,0.33,11.79806612,5.303333333333334,,0.006165919282511201,-0.0018850517458485205,0.00695993843987033,-0.001097386038858894
1874,7,1874.5416666666667,4.46,0.33,11.8932314,5.27,,0.00840807174887881,0.016542068924870312,0.006936250700220953,0.015058375908316934
1874,8,1874.625,4.47,0.33,11.79806612,5.236666666666666,,0.02181208053691286,0.02181208053691286,0.006912572926546289,0.006912572926546234
1874,9,1874.7083333333333,4.54,0.33,11.79806612,5.203333333333333,,0.0038546255506608507,0.02031470361311638,0.006888905148935824,0.023398735912409707
1874,10,1874.7916666666667,4.53,0.33,11.60773554,5.17,,0.01490066225165565,0.02328284260507818,0.006865247397586957,0.01518106234301797
1874,11,1874.875,4.57,0.33,11.51265124,5.136666666666667,,-0.000547045951860059,-0.00054704595186017,0.006841599702797675,0.0068415997027977404
1874,12,1874.9583333333333,4.54,0.33,11.51265124,5.1033333333333335,,0.006057268722466924,0.006057268722466924,0.0068179620949767655,0.0068179620949768704
1875,1,1875.0416666666667,4.54,0.3275,11.51265124,5.07,,0.003808737151248298,0.003808737151248298,0.007309199054699477,0.0073091990546994
1875,2,1875.125,4.53,0.325,11.51265124,5.03,,0.01922369389256806,0.01922369389256806,0.007281861141959907,0.007281861141959833
1875,3,1875.2083333333333,4.59,0.3225,11.51265124,4.99,,0.018927015250544965,0.010580515482150998,0.0072545408395375405,-0.0009963443229916713
1875,4,1875.2916666666667,4.65,0.32,11.60773554,4.95,,-0.032974910394265367,-0.008597986423026338,0.007227238211487585,0.032617584409902145
1875,5,1875.375,4.47,0.3175,11.32232066,4.91,,-0.014215137956748669,0.0026321463134133527,0.0071999533221297,0.024413226302748114
1875,6,1875.4583333333333,4.38,0.315,11.13207107,4.87,,0.00827625570776247,0.00827625570776247,0.007172686236059103,0.007172686236059045
1875,7,1875.5416666666667,4.39,0.3125,11.13207107,4.83,,0.010487851176917307,0.0019298926539239591,0.007145437018142574,-0.001384214146475271
1875,8,1875.625,4.41,0.31,11.22715537,4.79,,-0.0032123960695390474,0.005301639725994622,0.007118205733520229,0.015720480099832512
1875,9,1875.7083333333333,4.37,0.3075,11.13207107,4.75,,-0.010154462242563,-0.01015446224256289,0.007090992447608627,0.0070909924476085795
1875,10,1875.7916666666667,4.3,0.305,11.13207107,4.710000000000001,,0.022189922480620128,0.031003714320193998,0.007063797226096113,0.01574716465392334
1875,11,1875.875,4.37,0.3025,11.03690579,4.67,,0.005768497330282285,0.014516123059598485,0.0070366201349525825,0.015795275304645306
1875,12,1875.9583333333333,4.37,0.3,10.9417405,4.63,,0.026315789473684292,0.035320441895841936,0.007009461240426821,0.01584472449691887
1876,1,1876.0416666666667,4.46,0.3,10.84657521,4.59,,0.01905829596412545,0.01905829596412545,0.00474460523150636,0.004744605231506327
1876,2,1876.125,4.52,0.3,10.84657521,4.578333333333333,,0.0033185840707965486,0.0033185840707965486,0.00473540972151308,0.004735409721513095
1876,3,1876.2083333333333,4.51,0.3,10.84657521,4.566666666666666,,-0.032150776053215036,-0.02359128725906756,0.004726214665630328,0.013611837098169044
1876,4,1876.2916666666667,4.34,0.3,10.75149091,4.555000000000001,,-0.031105990783410142,0.004449406036024062,0.004717020064339718,0.04158700997016185
1876,5,1876.375,4.18,0.3,10.37091074,4.543333333333333,,-0.0011961722488036397,0.027077762058112853,0.004707825918128194,0.03314888939664162
1876,6,1876.4583333333333,4.15,0.3,10.08541488,4.531666666666666,,-0.006024096385542244,-0.006024096385542244,0.0046986322274798105,0.004698632227479793
1876,7,1876.5416666666667,4.1,0.3,10.08541488,4.52,,-0.035365853658536506,-0.044382990869537786,0.004689438992878407,-0.004702124181825695
1876,8,1876.625,3.93,0.3,10.18058017,4.508333333333334,,-0.054707379134860123,-0.06346188141250897,0.004680246214813812,-0.004624254116254667
1876,9,1876.7083333333333,3.69,0.3,10.27574545,4.496666666666667,,0.0013550135501354532,-0.01684749658332596,0.004671053893769638,-0.013591734819357604
1876,10,1876.7916666666667,3.67,0.3,10.46599504,4.485,,-0.012261580381471404,-0.021161967290675654,0.004661862030236602,-0.004391019894154025
1876,11,1876.875,3.6,0.3,10.56116033,4.473333333333334,,0.001388888888888884,-0.016338413270712393,0.004652670624699432,-0.013132409332973771
1876,12,1876.9583333333333,3.58,0.3,10.75149091,4.461666666666667,,-0.0013966480446928609,-0.01875987085939257,0.00464347967765062,-0.012824765900358415
1877,1,1877.0416666666667,3.55,0.2908,10.9417405,4.45,,-0.05232863849765257,-0.026946577403818672,0.00443578052047857,0.0313381977314271
1877,2,1877.125,3.34,0.2817,10.65632562,4.440833333333333,,-0.0438697604790419,0.0008108572719900398,0.004428470088478478,0.05136609707197626
1877,3,1877.2083333333333,3.17,0.2725,10.18058017,4.431666666666667,,-0.06539169295478442,-0.09087910312808678,0.004421159879480227,-0.022970094719494627
1877,4,1877.2916666666667,2.94,0.2633,10.46599504,4.4225,,0.007463151927437739,-0.010530953439903512,0.004413849893672776,-0.01352579247719321
1877,5,1877.375,2.94,0.2542,10.65632562,4.413333333333333,,-0.06422335600907025,-0.011251322369183137,0.004406540131243307,0.06126354481672314
1877,6,1877.4583333333333,2.73,0.245,10.08541488,4.404166666666667,,0.051434676434676474,0.04160615151486713,0.004399230592381002,-0.004989619793254851
1877,7,1877.5416666666667,2.85,0.2358,10.18058017,4.395,,0.07707017543859629,0.11889788467026463,0.004391921277269714,0.04339719149628274
1877,8,1877.625,3.05,0.2267,9.8,4.385833333333333,,0.06848907103825153,0.07896663961790429,0.0043846121860995155,0.014233574557143802
1877,9,1877.7083333333333,3.24,0.2175,9.704834711,4.376666666666667,,0.02719907407407396,0.02719907407407396,0.004377303319059587,0.0043773033190595
1877,10,1877.7916666666667,3.31,0.2083,9.704834711,4.367500000000001,,-0.009861530715005173,0.009936855909244091,0.004369994676335113,0.024452948813807218
1877,11,1877.875,3.26,0.1992,9.514585124,4.358333333333333,,0.0020245398773006684,0.0020245398773006684,0.004362686258115721,0.0043626862581156445
1877,12,1877.9583333333333,3.25,0.19,9.514585124,4.349166666666666,,0.004871794871794899,0.035956849674914526,0.0043553780645899254,0.03542445784996584
1878,1,1878.0416666666667,3.25,0.1892,9.229089256,4.34,,-0.01668717948717946,-0.006450967804655483,0.004414594147501848,0.014870473688814334
1878,2,1878.125,3.18,0.1883,9.134004959,4.33,,0.02380241090146762,0.04558997799852382,0.004406654941008789,0.02578146042519247
1878,3,1878.2083333333333,3.24,0.1875,8.94367438,4.32,,0.03260030864197527,0.04370587521627556,0.004398716027009761,0.015200975831337615
1878,4,1878.2916666666667,3.33,0.1867,8.848509091,4.3100000000000005,,0.007675175175175131,0.04126180612302832,0.004390777405772768,0.03786793671188615
1878,5,1878.375,3.34,0.1858,8.563094215,4.3,,0.025593812375249714,0.0488975768547244,0.004382839077566264,0.027204643233036174
1878,6,1878.4583333333333,3.41,0.185,8.372844628,4.29,,0.025048875855327557,0.013538853318750377,0.004374901042659146,-0.006902978498964929
1878,7,1878.5416666666667,3.48,0.1842,8.467928926,4.279999999999999,,-0.0042097701149423905,-0.01527640825193588,0.004366963301319863,-0.006794991702887776
1878,8,1878.625,3.45,0.1833,8.563094215,4.27,,0.02471739130434769,0.02471739130434769,0.004359025853818647,0.004359025853818643
1878,9,1878.7083333333333,3.52,0.1825,8.563094215,4.26,,-0.007043087121212155,0.004116079707469966,0.004351088700423946,0.015638306915041866
1878,10,1878.7916666666667,3.48,0.1817,8.467928926,4.25,,0.0014774904214560625,0.01285054084461601,0.004343151841406214,0.015748745494081007
1878,11,1878.875,3.47,0.1808,8.372844628,4.239999999999999,,-0.0014217098943323236,0.02180586808141971,0.0043352152770352315,0.027696703062006556
1878,12,1878.9583333333333,3.45,0.18,8.18251405,4.2299999999999995,,0.04202898550724643,0.030049179876825205,0.004327279007581675,-0.00721908463410148
1879,1,1879.0416666666667,3.58,0.1817,8.277679339,4.22,,0.04054236499068886,0.028715618015123123,0.0048549023947027075,-0.006566222854614057
1879,2,1879.125,3.71,0.1833,8.372844628,4.203333333333333,,-0.012055256064690045,-0.000697236114621469,0.004842118923250073,0.01639440148101512
1879,3,1879.2083333333333,3.65,0.185,8.277679339,4.186666666666666,,0.037100456621004696,0.0491622708841124,0.004829336822594912,0.016515827508718717
1879,4,1879.2916666666667,3.77,0.1867,8.18251405,4.17,,0.04921971706454453,0.04921971706454453,0.004816556094837105,0.004816556094836999
1879,5,1879.375,3.94,0.1883,8.18251405,4.153333333333332,,0.009058798646362165,0.020928485614095438,0.004803776742078521,0.016623411346052164
1879,6,1879.4583333333333,3.96,0.19,8.087381157,4.136666666666667,,0.024200336700336722,0.012292609998434179,0.004790998766427922,-0.006891067892902947
1879,7,1879.5416666666667,4.04,0.1917,8.18251405,4.119999999999999,,0.011379950495049584,0.011379950495049584,0.004778222169991398,0.004778222169991464
1879,8,1879.625,4.07,0.1933,8.18251405,4.103333333333333,,0.04081285831285819,0.00573185143495869,0.004765446954885035,-0.02910056774101033
1879,9,1879.7083333333333,4.22,0.195,8.467928926,4.086666666666666,,0.11285545023696697,0.053658760049621446,0.004752673123225809,-0.04869365064965736
1879,10,1879.7916666666667,4.68,0.1967,8.94367438,4.069999999999999,,0.056921296296296164,0.0035395050805242523,0.004739900677135795,-0.04600637134146346
1879,11,1879.875,4.93,0.1983,9.419419835,4.053333333333333,,0.0013235294117646124,-0.02812495059779274,0.0047271296187397435,-0.024821448760337206
1879,12,1879.9583333333333,4.92,0.2,9.704834711,4.036666666666667,,0.042005420054200604,0.012227802636373797,0.004714359950166391,-0.02399758266452423
1880,1,1880.0416666666667,5.11,0.205,9.990330579,4.02,,0.02095564253098492,0.02095564253098492,0.005513623535901936,0.0055136235359019015
1880,2,1880.125,5.2,0.21,9.990330579,3.993333333333333,,0.022596153846153877,0.012955217736865032,0.005494276866998731,-0.003985424425705819
1880,3,1880.2083333333333,5.3,0.215,10.08541488,3.9666666666666663,,-0.01926100628930827,0.01919918629369821,0.005474935927604389,0.044905161422002404
1880,4,1880.2916666666667,5.18,0.22,9.704834711,3.9399999999999995,,-0.07561132561132555,-0.047601715306441195,0.005455600731810312,0.035921594458946826
1880,5,1880.375,4.77,0.225,9.419419835,3.913333333333333,,0.008123689727463468,0.02891412313287245,0.0054362712937409755,0.026171282339227275
1880,6,1880.4583333333333,4.79,0.23,9.229089256,3.8866666666666667,,0.04993041057759218,0.04993041057759218,0.005416947627567045,0.005416947627566948
1880,7,1880.5416666666667,5.01,0.235,9.229089256,3.8600000000000003,,0.03983699268130425,0.03983699268130425,0.005397629747497822,0.005397629747497801
1880,8,1880.625,5.19,0.24,9.229089256,3.8333333333333335,,0.0019267822736028783,-0.008299091691092553,0.005378317667782795,-0.004882783387903711
1880,9,1880.7083333333333,5.18,0.245,9.324254545,3.8066666666666666,,0.032898970398970384,0.032898970398970384,0.005359011402711868,0.0053590114027117774
1880,10,1880.7916666666667,5.33,0.25,9.324254545,3.7800000000000002,,0.05644152595372098,0.045768197240644515,0.005339710966616243,-0.004817331273624159
1880,11,1880.875,5.61,0.255,9.419419835,3.7533333333333334,,0.04478609625668439,0.034336100855135054,0.005320416373869312,-0.004734841602696993
1880,12,1880.9583333333333,5.84,0.26,9.514585124,3.726666666666667,,0.06364155251141557,0.07438762366125906,0.005301127638879771,0.015457779961382423
1881,1,1881.0416666666667,6.19,0.265,9.419419835,3.7,18.47395230140494,0.0003365643511039629,-0.009668844923506392,0.003632409926358722,-0.006405964537230635
1881,2,1881.125,6.17,0.27,9.514585124,3.693333333333334,18.14725816499023,0.014991896272285254,0.014991896272285254,0.00362703803480695,0.0036270380348069065
1881,3,1881.2083333333333,6.24,0.275,9.514585124,3.686666666666667,18.27011914020499,0.0004674145299143895,-0.009431858443419983,0.003621666235121692,-0.006308816948763396
1881,4,1881.2916666666667,6.22,0.28,9.609669421,3.68,17.95010827822289,0.0487674169346195,0.0592483061437763,0.0036162945273593475,0.0136459646158813
1881,5,1881.375,6.5,0.285,9.514585124,3.673333333333334,18.869718693152592,0.01596153846153836,0.01596153846153836,0.003610922911576983,0.0036109229115770525
1881,6,1881.4583333333333,6.58,0.29,9.514585124,3.666666666666667,19.02871073111578,-0.031281661600810584,-0.04086678863925031,0.0036055513878307742,-0.006324772345311591
1881,7,1881.5416666666667,6.35,0.295,9.609669421,3.66,18.116367187389738,-0.019750656167978997,-0.03878855669613401,0.003600179956178232,-0.015891228547450842
1881,8,1881.625,6.2,0.3,9.8,3.6533333333333333,17.286243553973446,0.012096774193548487,-0.02573839393508992,0.003594808616675533,-0.0339225309156993
1881,9,1881.7083333333333,6.25,0.305,10.18058017,3.646666666666667,16.724836648772897,-0.01193333333333324,-0.021083972715121413,0.0035894373693797425,-0.005704960810978044
1881,10,1881.7916666666667,6.15,0.31,10.27574545,3.64,16.261989411181354,0.010704607046070347,0.020152397380285514,0.0035840662143474824,0.012965295679664646
1881,11,1881.875,6.19,0.315,10.18058017,3.6333333333333337,16.47864231664487,-0.02483844911147015,-0.02483844911147015,0.003578695151636262,0.0035786951516363352
1881,12,1881.9583333333333,6.01,0.32,10.18058017,3.626666666666667,15.958754206105079,-0.010537992235163607,-0.010537992235163607,0.0035733241813024805,0.0035733241813025174
1882,1,1882.0416666666667,5.92,0.32,10.18058017,3.62,15.678764160028743,-0.01745495495495497,-0.026554457738407367,0.00294778180655697,-0.006340673901637062
1882,2,1882.125,5.79,0.32,10.27574545,3.6208333333333336,15.153861528363038,0.0028785261945882823,0.0028785261945882823,0.002948479135598087,0.0029484791355980366
1882,3,1882.2083333333333,5.78,0.32,10.27574545,3.621666666666667,15.091670299486745,0.0046136101499423265,-0.0046048999640367905,0.002949176464456905,-0.006254060515046733
1882,4,1882.2916666666667,5.78,0.32,10.37091074,3.6225,14.916997168375302,-0.007497116493656364,-0.016514074897086117,0.0029498737931352016,-0.006161996250776847
1882,5,1882.375,5.71,0.32,10.46599504,3.6233333333333335,14.567103202191758,-0.0005837711617047159,-0.009589385343882761,0.0029505711216328643,-0.006086890575197179
1882,6,1882.4583333333333,5.68,0.32,10.56116033,3.6241666666666665,14.327404890131673,0.06103286384976525,0.07068063262873792,0.002951268449952114,0.012070912397147193
1882,7,1882.5416666666667,6.0,0.32,10.46599504,3.625,15.240559761217828,0.03444444444444428,0.02512319540850183,0.002951965778089066,-0.00608550848581535
1882,8,1882.625,6.18,0.32,10.56116033,3.6258333333333335,15.525429331463034,0.014023732470334505,0.042188838673911544,0.002952663106045495,0.030810263839634366
1882,9,1882.7083333333333,6.24,0.32,10.27574545,3.626666666666667,16.081106624462315,-0.0229700854700855,-0.013837076954656746,0.0029533604338214023,0.012328694233940674
1882,10,1882.7916666666667,6.07,0.32,10.18058017,3.6275,15.75558103052656,-0.038440417353102885,-0.029367206421905934,0.00295405776141712,0.012417864149076863
1882,11,1882.875,5.81,0.32,10.08541488,3.6283333333333334,15.192670313165339,0.009753298909925379,0.01936376033060294,0.0029547550888342025,0.012500510463807402
1882,12,1882.9583333333333,5.84,0.32,9.990330579,3.629166666666667,15.382128332081967,-0.0005707762557078944,-0.0005707762557078944,0.002955452416068987,0.002955452416069093
1883,1,1883.0416666666667,5.81,0.3208,9.990330579,3.63,15.27025911909857,-0.017773952954675765,-0.027034283661794722,0.0030938560222779077,-0.006363214338448109
1883,2,1883.125,5.68,0.3217,10.08541488,3.629166666666667,14.75759014617622,0.017043720657277106,0.026723569637291167,0.0030931644608033263,0.01264023716539664
1883,3,1883.2083333333333,5.75,0.3225,9.990330579,3.6283333333333334,15.05125412140164,0.025543478260869668,0.035406491122797146,0.003092472899510821,0.012739566534865965
1883,4,1883.2916666666667,5.87,0.3233,9.895165289,3.6275,15.482067222036674,-0.012446053378762145,-0.0028561700386295907,0.0030917813383990606,0.012832548610296257
1883,5,1883.375,5.77,0.3242,9.8,3.626666666666667,15.335497637337067,0.013347775852108779,0.04374579384452271,0.0030910897774673782,0.03318143163413678
1883,6,1883.4583333333333,5.82,0.325,9.514585124,3.6258333333333335,15.903388388583796,-0.010810423825887705,0.009381327039058363,0.0030903982167164398,0.023565898468294932
1883,7,1883.5416666666667,5.73,0.3258,9.324254545,3.625,15.948783127017029,-0.040636998254799495,-0.040636998254799495,0.003089706656143803,0.0030897066561437203
1883,8,1883.625,5.47,0.3267,9.324254545,3.6241666666666665,15.196810876629849,0.015946069469835455,0.02642194619262872,0.003089015095753687,0.013432316949970158
1883,9,1883.7083333333333,5.53,0.3275,9.229089256,3.6233333333333335,15.494692425793458,-0.022189572031344196,-0.022189572031344196,0.003088323535544094,0.003088323535544113
1883,10,1883.7916666666667,5.38,0.3283,9.229089256,3.6225,15.048056270223839,0.019955080545229098,0.030572735368118442,0.003087631975514801,0.013529697941529806
1883,11,1883.875,5.46,0.3292,9.134004959,3.621666666666667,15.408218142448874,-0.01695360195360196,-0.02708160842139673,0.0030869404156642533,-0.007247537224943534
1883,12,1883.9583333333333,5.34,0.33,9.229089256,3.6208333333333336,14.896403941887169,-0.024812734082397037,-0.024812734082397037,0.0030862488559960048,0.0030862488559959544
1884,1,1884.0416666666667,5.18,0.3283,9.229089256,3.62,14.432821721970727,0.03230855855855852,0.03230855855855852,0.00370583269241842,0.0037058326924184204
1884,2,1884.125,5.32,0.3267,9.229089256,3.611666666666667,14.805960228816714,0.001358082706766739,0.001358082706766739,0.0036991770055491593,0.0036991770055492257
1884,3,1884.2083333333333,5.3,0.325,9.229089256,3.6033333333333335,14.736023454014473,-0.04017295597484272,-0.019970506832670876,0.003692521499496816,0.024818251646604672
1884,4,1884.2916666666667,5.06,0.3233,9.038839669,3.5949999999999998,14.353453682579477,-0.07570322793148865,-0.05582169341961618,0.003685866174397503,0.025275052451406044
1884,5,1884.375,4.65,0.3217,8.848509091,3.586666666666667,13.46505031380491,-0.03509498207885309,-0.0350949820788532,0.003679211030394218,0.0036792110303942582
1884,6,1884.4583333333333,4.46,0.32,8.848509091,3.5783333333333336,12.906876483666865,0.005979073243647104,0.01690654634635247,0.003672556067623294,0.014574974569222077
1884,7,1884.5416666666667,4.46,0.3183,8.753424793,3.57,13.043931585991672,0.0687275784753365,0.0687275784753365,0.0036659012862281736,0.0036659012862281237
1884,8,1884.625,4.74,0.3167,8.753424793,3.5616666666666665,13.859813341769325,-0.026077707454289722,-0.015373062208806187,0.003659246686345192,0.014690738896101951
1884,9,1884.7083333333333,4.59,0.315,8.658259504,3.5533333333333337,13.569154744335725,-0.026960784313725394,-0.016146987823326908,0.0036525922681184563,0.014806608164788626
1884,10,1884.7916666666667,4.44,0.3133,8.563094215,3.545,13.27325131913416,-0.014390015015015245,0.00800522828848571,0.003645938031684524,0.026450998162170336
1884,11,1884.875,4.35,0.3117,8.372844628,3.536666666666667,13.304437602119732,0.0036724137931034573,0.015211248701811897,0.003639283977187057,0.015177738005170527
1884,12,1884.9583333333333,4.34,0.31,8.277679339,3.5283333333333333,13.432292746944762,-0.01708909370199696,-0.01708909370199696,0.0036326301047650555,0.003632630104765111
1885,1,1885.0416666666667,4.24,0.3042,8.277679339,3.52,13.129817425635967,0.036639150943396315,0.024856767682833292,0.003972516123410864,-0.007438579972344983
1885,2,1885.125,4.37,0.2983,8.372844628,3.5075,13.384817593597964,0.007976735316552297,0.03142292721687068,0.0039627543720330855,0.027315578475048286
1885,3,1885.2083333333333,4.38,0.2925,8.18251405,3.495,13.734194093452514,0.0032819634703196154,-0.008252382581514173,0.0039529932370617905,-0.007589067385373682
1885,4,1885.2916666666667,4.37,0.2867,8.277679339,3.4825,13.54854854103006,-0.0059744469870327555,0.017415232802720615,0.003943232719212847,0.027566278091855967
1885,5,1885.375,4.32,0.2808,8.087381157,3.4699999999999998,13.71137187256194,0.000787037037036864,0.024902226612359746,0.003933472819198798,0.028124479618931497
1885,6,1885.4583333333333,4.3,0.275,7.897091074,3.4575,13.978784368698355,0.04253875968992249,0.03012818765244263,0.003923713537737959,-0.008027177929069484
1885,7,1885.5416666666667,4.46,0.2692,7.992232066,3.445,14.32665877708933,0.061083707025411105,0.061083707025411105,0.003913954875550196,0.003913954875550241
1885,8,1885.625,4.71,0.2633,7.992232066,3.4325,15.130410796707158,-0.008080325548478262,0.0038699256170857677,0.0039041968333496063,0.01599883272708369
1885,9,1885.7083333333333,4.65,0.2575,7.897091074,3.42,15.11628502872425,0.06267921146953404,0.06267921146953404,0.0038944394118585,0.003894439411858519
1885,10,1885.7916666666667,4.92,0.2517,7.897091074,3.4075,15.991023962168986,0.06930386178861792,0.056574673081399185,0.0038846826117987445,-0.008065744223728966
1885,11,1885.875,5.24,0.2458,7.992232066,3.3950000000000005,16.824034498619024,-0.003724554707379202,-0.026892650378508964,0.003874926433888433,-0.019469892960548796
1885,12,1885.9583333333333,5.2,0.24,8.18251405,3.3825000000000003,16.30447595227853,0.0038461538461538325,0.027746090210265972,0.0038651708788516505,0.027765560007433354
1886,1,1886.0416666666667,5.2,0.2383,7.992232066,3.37,16.69231747079766,0.02304967948717951,0.02304967948717951,0.0017625735661117897,0.001762573566111758
1886,2,1886.125,5.3,0.2367,7.992232066,3.3825000000000003,17.006648259461006,-0.01703301886792441,-0.005190626167648649,0.0017736507215358101,0.013842618648586935
1886,3,1886.2083333333333,5.19,0.235,7.897091074,3.3950000000000005,16.843266101570144,-0.009714193962748974,0.0023629010066776868,0.0017847272548070572,0.014002058065991418
1886,4,1886.2916666666667,5.12,0.2333,7.801941983,3.4075,16.801716131246312,-0.01573404947916679,0.00887244210379845,0.0017958031666501719,0.026840538266371672
1886,5,1886.375,5.02,0.2317,7.611651901,3.42,16.86319551509784,0.049663014608233746,0.06295037499655409,0.0018068784577843586,0.014488442777295996
1886,6,1886.4583333333333,5.25,0.23,7.51650281,3.4325,17.83149405537689,0.018888888888888955,0.006152317002956931,0.0018179531289270428,-0.010705224339970898
1886,7,1886.5416666666667,5.33,0.2283,7.611651901,3.445,17.84584504153222,0.011074108818011297,-0.0014076841968021503,0.0018290271808007572,-0.010538634540970704
1886,8,1886.625,5.37,0.2267,7.706792893,3.4575,17.72391279961928,0.029588764742396023,0.029588764742396023,0.0018401006141211523,0.0018401006141210985
1886,9,1886.7083333333333,5.51,0.225,7.706792893,3.4699999999999998,18.147143925800037,0.028811252268602594,0.028811252268602594,0.0018511734296030994,0.00185117342960317
1886,10,1886.7916666666667,5.65,0.2233,7.706792893,3.4825,18.562381342866576,0.028072271386430536,0.028072271386430536,0.0018622456279662474,0.0018622456279662192
1886,11,1886.875,5.79,0.2217,7.706792893,3.495,18.968312634942848,-0.02271588946459424,-0.03463442128545602,0.0018733172099231355,-0.01034509387740834
1886,12,1886.9583333333333,5.64,0.22,7.801941983,3.5075,18.19405755688645,-0.00738770685579182,-0.031021189228353285,0.0018843881761877478,-0.021969857021908346
1887,1,1887.0416666666667,5.58,0.2225,7.992232066,3.52,17.512222096304964,-0.0038455794504181906,-0.015565465748702101,0.0018954585274712954,-0.00989197182919066
1887,2,1887.125,5.54,0.225,8.087381157,3.5324999999999998,17.125366596972327,0.0268501805054151,0.0268501805054151,0.0019065282644892038,0.0019065282644892267
1887,3,1887.2083333333333,5.67,0.2275,8.087381157,3.5450000000000004,17.473213711513765,0.02627131099353308,0.02627131099353308,0.001917597387950685,0.0019175973879506092
1887,4,1887.2916666666667,5.8,0.23,8.087381157,3.5575,17.822983639100723,0.02054597701149441,0.02054597701149441,0.0019286658985637269,0.001928665898563775
1887,5,1887.375,5.9,0.2325,8.087381157,3.5700000000000003,18.075445427458252,-0.02552966101694909,-0.01392840041853105,0.0019397337970414267,0.013868022930828117
1887,6,1887.4583333333333,5.73,0.235,7.992232066,3.5825,17.707695663272997,-0.021015125072716856,-0.009220707193932198,0.0019508010840895529,0.014021903247794176
1887,7,1887.5416666666667,5.59,0.2375,7.897091074,3.5949999999999998,17.431460535613088,-0.021504174120453134,-0.033152367362748625,0.0019618677604138733,-0.00996566953551048
1887,8,1887.625,5.45,0.24,7.992232066,3.6075,16.73984961482072,-0.009174311926605672,0.002762759329004938,0.0019729338267240443,0.014044302636851969
1887,9,1887.7083333333333,5.38,0.2425,7.897091074,3.62,16.676629667380155,-0.02970105328376693,-0.041251669377593614,0.001983999283723836,-0.009943801469901148
1887,10,1887.7916666666667,5.2,0.245,7.992232066,3.6325,15.880666812517322,0.023157051282051144,0.011119475521761402,0.00199506413211524,-0.009793538097438215
1887,11,1887.875,5.3,0.2475,8.087381157,3.6450000000000005,15.950712201066784,-0.00176886792452835,-0.02471751836992153,0.002006128372605805,-0.021029306653704505
1887,12,1887.9583333333333,5.27,0.25,8.277679339,3.6574999999999998,15.455513454469953,0.011543327008222581,4.618149463708754e-05,0.0020171920058959674,-0.009371679984074954
1888,1,1888.0416666666667,5.31,0.2483,8.372844628,3.67,15.358662514259917,-0.0017529817953545468,0.009723479431314352,0.00457145483759475,0.01612062567468575
1888,2,1888.125,5.28,0.2467,8.277679339,3.6516666666666664,15.418178318820546,-0.03398516414141406,-0.03398516414141406,0.004557570978344687,0.004557570978344749
1888,3,1888.2083333333333,5.08,0.245,8.277679339,3.6333333333333337,14.808972366946579,0.007956036745406792,0.019678891964478806,0.0045436890390770195,0.016226857548947482
1888,4,1888.2916666666667,5.1,0.2433,8.18251405,3.615,15.020108681844473,0.01770098039215684,0.029672326442768293,0.004529809023050028,0.016346220909905007
1888,5,1888.375,5.17,0.2417,8.087381157,3.5966666666666667,15.38791695722914,-0.027051901998710548,-0.015468763977877997,0.004515930933533323,0.016474890199737358
1888,6,1888.4583333333333,5.01,0.24,7.992232066,3.578333333333333,15.077628818434698,0.029940119760478945,0.017822740317466224,0.004502054773796288,-0.007316042526666733
1888,7,1888.5416666666667,5.14,0.2383,8.087381157,3.5600000000000005,15.279642515498182,0.025264267185473477,0.025264267185473477,0.004488180547121629,0.004488180547121523
1888,8,1888.625,5.25,0.2367,8.087381157,3.541666666666667,15.602911670088815,0.028519047619047555,0.028519047619047555,0.004474308256793163,0.004474308256793069
1888,9,1888.7083333333333,5.38,0.235,8.087381157,3.5233333333333334,15.987828821761426,-0.0019361833952912244,-0.013540037381002179,0.004460437906100928,-0.007217785532092291
1888,10,1888.7916666666667,5.35,0.2333,8.18251405,3.505,15.715941874329712,-0.01692679127725849,-0.028228805064562268,0.00444656949834739,-0.007101165580131519
1888,11,1888.875,5.24,0.2317,8.277679339,3.486666666666667,15.22374901694629,-0.015399173027989987,-0.015399173027989987,0.004432703036833468,0.0044327030368334075
1888,12,1888.9583333333333,5.14,0.23,8.277679339,3.4683333333333333,14.946748301089235,0.023184176394293265,0.05972780156891577,0.004418838524874508,0.040292248610956705
1889,1,1889.0416666666667,5.24,0.2292,7.992232066,3.45,15.802286071028167,0.015095419847328095,0.027324883116011556,0.003083466402235486,0.015168214464279517
1889,2,1889.125,5.3,0.2283,7.897091074,3.4475000000000002,16.192720447849002,-0.017165094339622544,-0.005178867310451918,0.0030814093742136373,0.015314553956539134
1889,3,1889.2083333333333,5.19,0.2275,7.801941983,3.445,16.065045360769297,0.001726075786769199,0.001726075786769199,0.0030793523511478235,0.003079352351147868
1889,4,1889.2916666666667,5.18,0.2267,7.801941983,3.4425,16.050104533967488,0.030674066924067045,0.056440754006077176,0.0030772953330353812,0.028154067532271565
1889,5,1889.375,5.32,0.2258,7.611651901,3.4400000000000004,16.915421076068384,0.02045426065162914,0.02045426065162914,0.0030752383198796415,0.0030752383198795474
1889,6,1889.4583333333333,5.41,0.225,7.611651901,3.4375,17.21930294394769,-0.016866913123844807,-0.016866913123844807,0.003073181311681269,0.003073181311681328
1889,7,1889.5416666666667,5.3,0.2242,7.611651901,3.4350000000000005,16.889214491107516,0.01673270440251584,0.01673270440251584,0.003071124308443817,0.0030711243084438067
1889,8,1889.625,5.37,0.2233,7.611651901,3.4325,17.131853975345734,0.027673805090006054,0.014987087459708004,0.003069067310164177,-0.009313902808973928
1889,9,1889.7083333333333,5.5,0.2225,7.706792893,3.4299999999999997,17.3507880263486,-0.014810606060606024,-0.014810606060606024,0.0030670103168454568,0.003067010316845531
1889,10,1889.7916666666667,5.4,0.2217,7.706792893,3.4275,17.053214402955494,-0.005837962962963128,-0.005837962962963128,0.0030649533284894345,0.0030649533284894392
1889,11,1889.875,5.35,0.2208,7.706792893,3.4250000000000003,16.90602117024937,-0.00216822429906538,-0.01433734650452434,0.0030628963450983295,-0.009170022331810634
1889,12,1889.9583333333333,5.32,0.22,7.801941983,3.4225,16.61033807660339,0.014724310776942362,0.04009225650233339,0.003060839366669921,0.028137200169375154
1890,1,1890.0416666666667,5.38,0.22,7.611651901,3.42,17.220071982181903,-0.007744733581164676,-0.007744733581164676,0.0014594638152824833,0.0014594638152825024
1890,2,1890.125,5.32,0.22,7.611651901,3.4366666666666665,17.02681498267141,-0.004072681704260672,-0.004072681704260672,0.0014745219393277336,0.0014745219393277331
1890,3,1890.2083333333333,5.28,0.22,7.611651901,3.4533333333333336,16.90112228858991,0.02430555555555558,0.02430555555555558,0.0014895785966058325,0.0014895785966058117
1890,4,1890.2916666666667,5.39,0.22,7.611651901,3.4699999999999998,17.257854542603198,0.0460729746444033,0.03315911775297753,0.0015046337893821885,-0.010859023269296997
1890,5,1890.375,5.62,0.22,7.706792893,3.4866666666666664,17.786430487858624,-0.0038552787663107546,-0.0038552787663107546,0.0015196875199186607,0.0015196875199186
1890,6,1890.4583333333333,5.58,0.22,7.706792893,3.5033333333333334,17.684360844450165,-0.0038829151732376888,-0.0038829151732376888,0.0015347397904723315,0.0015347397904723614
1890,7,1890.5416666666667,5.54,0.22,7.706792893,3.5199999999999996,17.589295440864863,-0.020156438026474044,-0.05515113458801624,0.0015497906032953986,-0.034220134692581006
1890,8,1890.625,5.41,0.22,7.992232066,3.536666666666667,16.5967911339791,-0.013247073321010383,-0.024856349821330892,0.0015648399606405065,-0.010218700625588717
1890,9,1890.7083333333333,5.32,0.22,8.087381157,3.5533333333333337,16.16970200061531,-0.04166666666666663,-0.04166666666666663,0.0015798878647518577,0.0015798878647519388
1890,10,1890.7916666666667,5.08,0.22,8.087381157,3.57,15.48284916334444,-0.06922572178477693,-0.04679757539566276,0.0015949343178705499,0.02572959116781215
1890,11,1890.875,4.71,0.22,7.897091074,3.586666666666667,14.745043493292805,-0.019462137296532234,-0.019462137296532234,0.0016099793222344601,0.0016099793222343894
1890,12,1890.9583333333333,4.6,0.22,7.897091074,3.6033333333333335,14.442991231338441,0.05615942028985521,0.06903988120723126,0.0016250228800765779,0.013840406006169426
1891,1,1891.0416666666667,4.84,0.22,7.801941983,3.62,15.428980086469101,0.016184573002755,0.003940945886971692,0.0031544536966241483,-0.008932178394537749
1891,2,1891.125,4.9,0.22,7.897091074,3.618333333333333,15.476522332432543,-0.014625850340136193,-0.026355924406505915,0.003153076349365355,-0.008788641311430201
1891,3,1891.2083333333333,4.81,0.22,7.992232066,3.616666666666667,15.051623357657386,0.037075537075537124,0.024874208519918728,0.0031516990035531833,-0.00865051118567195
1891,4,1891.2916666666667,4.97,0.22,8.087381157,3.6149999999999998,15.408945125474125,-0.00033534540576785066,0.011565858463688183,0.003150321659184078,0.015093023079014278
1891,5,1891.375,4.95,0.22,7.992232066,3.6133333333333333,15.566495230713256,-0.016498316498316568,0.007489380076711294,0.0031489443162620386,0.027615839390749963
1891,6,1891.4583333333333,4.85,0.22,7.801941983,3.611666666666667,15.658211395638151,-0.01271477663230236,-0.0005256219634118819,0.0031475669747835114,0.01553256024741434
1891,7,1891.5416666666667,4.77,0.22,7.706792893,3.61,15.617919238645992,0.03738644304682048,0.03738644304682048,0.0031461896347524925,0.0031461896347524387
1891,8,1891.625,4.93,0.22,7.706792893,3.6083333333333334,16.16399850996304,0.08485463150777561,0.09841465069413435,0.0031448122961656518,0.015683508731951568
1891,9,1891.7083333333333,5.33,0.22,7.611651901,3.6066666666666665,17.71126141325653,0.0034396497811133298,0.0034396497811133298,0.0031434349590265414,0.00314343495902647
1891,10,1891.7916666666667,5.33,0.22,7.611651901,3.6049999999999995,17.71656858982637,-0.01156973108192616,0.0009425028627372267,0.003142057623331832,0.015840523564134124
1891,11,1891.875,5.25,0.22,7.51650281,3.6033333333333335,17.671739174764006,0.03396825396825398,0.03396825396825398,0.0031406802890855193,0.003140680289085429
1891,12,1891.9583333333333,5.41,0.22,7.51650281,3.601666666666667,18.20630300020994,0.021873074553296235,0.048415071000598164,0.0031393029562842728,0.02919471089122161
1892,1,1892.0416666666667,5.51,0.2217,7.326212727,3.6,19.016388404225278,0.005167876588021647,0.005167876588021647,0.0019662942601010847,0.001966294260101087
1892,2,1892.125,5.52,0.2233,7.326212727,3.6125000000000003,19.03642504097844,0.014240640096618407,0.04128688823762783,0.0019773600826026153,0.028696589465765365
1892,3,1892.2083333333333,5.58,0.225,7.135922645,3.625,19.738054849323017,0.0015681003584229192,0.015103302647319072,0.00198842529607332,0.015529307860784991
1892,4,1892.2916666666667,5.57,0.2267,7.040773554,3.6374999999999997,19.943265241638652,0.0033916816277679285,0.0033916816277679285,0.0019994899012211885,0.0019994899012212297
1892,5,1892.375,5.57,0.2283,7.040773554,3.65,19.911465213489812,-0.0019703770197486703,-0.0019703770197486703,0.0020105538987473266,0.0020105538987473803
1892,6,1892.4583333333333,5.54,0.23,7.040773554,3.6625,19.769284397136747,0.003459687123947175,-0.02294809323581537,0.0020216172893518405,-0.024348317770971906
1892,7,1892.5416666666667,5.54,0.2317,7.231071736,3.675,19.21188643450556,0.01792569193742466,0.004706520899929512,0.0020326800737398326,-0.010980098253765891
1892,8,1892.625,5.62,0.2333,7.326212727,3.6875,19.204303803173826,-0.02145166073546856,-0.02145166073546856,0.002043742252609523,0.002043742252609615
1892,9,1892.7083333333333,5.48,0.235,7.326212727,3.7,18.6942718095882,0.02364659367396582,0.02364659367396582,0.0020548038266582427,0.002054803826658347
1892,10,1892.7916666666667,5.59,0.2367,7.326212727,3.7125,19.04021491532471,-4.9194991055379056e-05,-0.02536425526455377,0.002065864796587984,-0.023302740977087177
1892,11,1892.875,5.57,0.2383,7.51650281,3.725,18.463312690800002,-0.007206762417714008,-0.019617126861007916,0.002076925163094526,-0.010449489573346127
1892,12,1892.9583333333333,5.51,0.24,7.611651901,3.7375,18.01300925127574,0.021778584392014633,-0.01515344936383256,0.002087984926872534,-0.03413233506316682
1893,1,1893.0416666666667,5.61,0.2408,7.897091074,3.75,17.65664370809878,-0.014248366013072,-0.025982933721899082,0.0034672709017455447,-0.00847818698845626
1893,2,1893.125,5.51,0.2417,7.992232066,3.7458333333333336,17.125193854872453,-0.03264216575922574,-0.009048219153435344,0.003463870134755499,0.027938446278940043
1893,3,1893.2083333333333,5.31,0.2425,7.801941983,3.7416666666666667,16.899589031582327,0.0038057124921531127,0.016198831316869722,0.0034604693900802687,0.015849325797544056
1893,4,1893.2916666666667,5.31,0.2433,7.706792893,3.7375000000000003,17.102541578254918,-0.08469397363465159,-0.07325320828376403,0.003457068667726295,0.015999668117119947
1893,5,1893.375,4.84,0.2442,7.611651901,3.7333333333333334,15.78098731077625,-0.043316115702479285,-0.01878592027309134,0.0034536679677060114,0.029183080769154213
1893,6,1893.4583333333333,4.61,0.245,7.421361818,3.729166666666667,15.41650386359769,-0.08884671005061473,-0.06486915311450436,0.0034502672900260795,0.029856675719762915
1893,7,1893.5416666666667,4.18,0.2458,7.231071736,3.7250000000000005,14.349854182760948,-0.01902312599681022,0.021291305572824104,0.0034468666346953816,0.044684729739077556
1893,8,1893.625,4.08,0.2467,6.945632562,3.7208333333333337,14.58805653580781,0.07611723856209163,0.033638609263879404,0.0034434660017219104,-0.03616644032312766
1893,9,1893.7083333333333,4.37,0.2475,7.231071736,3.716666666666667,15.012069079138762,0.03446796338672753,0.021033968106785927,0.003440065391113216,-0.009590989778575754
1893,10,1893.7916666666667,4.5,0.2483,7.326212727,3.7125000000000004,15.271794153520183,0.02015370370370384,0.04735763255604386,0.0034366648028808454,0.030194808735527934
1893,11,1893.875,4.57,0.2492,7.135922645,3.7083333333333335,15.942411400571672,-0.03046681254558714,-0.017364530420889257,0.0034332642370321245,0.016993672371032442
1893,12,1893.9583333333333,4.41,0.25,7.040773554,3.704166666666667,15.612694335464933,-0.015684051398337173,0.011657896706574133,0.0034298636935754918,0.031302750746765584
1894,1,1894.0416666666667,4.32,0.2467,6.850483471,3.7,15.739869351948219,0.01864776234567911,0.0329942087189643,0.0047316653720308535,0.018882120013592907
1894,2,1894.125,4.38,0.2433,6.755342479,3.6800000000000006,16.20273659644992,0.03430936073059354,0.06428913867672725,0.004716654163492323,0.03383867832203591
1894,3,1894.2083333333333,4.51,0.24,6.565052397,3.66,17.187622088121927,0.017738359201773912,0.017738359201773912,0.004701645441472117,0.004701645441472113
1894,4,1894.2916666666667,4.57,0.2367,6.565052397,3.64,17.434849078052448,-0.03288293216630189,-0.032882932166302004,0.00468663921057433,0.004686639210574439
1894,5,1894.375,4.4,0.2333,6.565052397,3.62,16.808751920918002,-0.009217803030303173,-0.009217803030303284,0.004671635475413716,0.004671635475413716
1894,6,1894.4583333333333,4.34,0.23,6.565052397,3.6000000000000005,16.60631969529252,-0.016321044546850905,-0.016321044546850905,0.004656634240613687,0.0046566342406135774
1894,7,1894.5416666666667,4.25,0.2267,6.565052397,3.58,16.289679714916947,0.042092156862745256,0.012737641884797979,0.00464163551080809,-0.023657942163641033
1894,8,1894.625,4.41,0.2233,6.755342479,3.5599999999999996,16.45777707299836,0.02009259259259255,0.005925326646770923,0.004626639290641214,-0.009325832159930214
1894,9,1894.7083333333333,4.48,0.22,6.850483471,3.54,16.522315444877208,-0.027157738095238138,0.000637586151248426,0.004611645584768223,0.03331466099052638
1894,10,1894.7916666666667,4.34,0.2167,6.660193388,3.5200000000000005,16.50290420570842,0.004160906298003031,0.004160906298003031,0.0045966543978496095,0.004596654397849509
1894,11,1894.875,4.34,0.2133,6.660193388,3.5,16.542784447444543,-0.005120967741935378,0.009296857330931774,0.004581665734560524,0.019140101743706728
1894,12,1894.9583333333333,4.3,0.21,6.565052397,3.4800000000000004,16.67246633376772,-0.007558139534883712,-0.007558139534883712,0.004566679599584997,0.0045666795995849
1895,1,1895.0416666666667,4.25,0.2083,6.565052397,3.46,16.524443935162704,-0.010033333333333339,-0.010033333333333339,0.0019116755938899232,0.0019116755938899388
1895,2,1895.125,4.19,0.2067,6.565052397,3.4716666666666667,16.3312376932114,0.004110978520286412,0.004110978520286412,0.00192196934084846,0.0019219693408485394
1895,3,1895.2083333333333,4.19,0.205,6.565052397,3.4833333333333334,16.36462542717479,0.047036595067621034,0.0034109471680825454,0.0019322625861017645,-0.03981407590166275
1895,4,1895.2916666666667,4.37,0.2033,6.850483471,3.495,16.387543823686293,0.05879672006102221,0.044292131088268016,0.0019425553301958432,-0.011783181314074964
1895,5,1895.375,4.61,0.2017,6.945632562,3.506666666666667,17.080369553382383,0.023168835864063597,0.009342897949572881,0.0019528475736690439,-0.011586401647210587
1895,6,1895.4583333333333,4.7,0.2,7.040773554,3.518333333333333,17.20741353978338,0.007801418439716157,0.02160624123065169,0.0019631393170657084,0.01568798959832063
1895,7,1895.5416666666667,4.72,0.1983,6.945632562,3.53,17.54601464874055,0.01833156779661027,0.03247558017509822,0.001973430560922742,0.01589023826181135
1895,8,1895.625,4.79,0.1967,6.850483471,3.541666666666667,18.074072547241787,0.009685107863604658,0.009685107863604658,0.001983721305781488,0.001983721305781394
1895,9,1895.7083333333333,4.82,0.195,6.850483471,3.5533333333333332,18.200335946605456,-0.011151452282157637,-0.011151452282157637,0.001994011552182958,0.0019940115521830393
1895,10,1895.7916666666667,4.75,0.1933,6.850483471,3.5649999999999995,17.944706622466466,-0.030292982456140316,-0.030292982456140316,0.002004301300661614,0.0020043013006616484
1895,11,1895.875,4.59,0.1917,6.850483471,3.5766666666666667,17.342998991921686,-0.05534313725490181,-0.04203876500426196,0.002014590551759135,0.016126778414909504
1895,12,1895.9583333333333,4.32,0.19,6.755342479,3.588333333333334,16.54841515666795,-0.007908950617284138,0.0062642957193885795,0.002024879306008315,0.01634004267605893
1896,1,1896.0416666666667,4.27,0.1892,6.660193388,3.6,16.576224828568176,0.045846994535519325,0.061003449271501475,0.004380297079002447,0.018935814845872923
1896,2,1896.125,4.45,0.1883,6.565052397,3.5833333333333335,17.515403352637264,-0.012204119850187212,-0.0122041198501871,0.0043675660443624805,0.004367566044362503
1896,3,1896.2083333333333,4.38,0.1875,6.565052397,3.5666666666666664,17.232362712298603,0.012699771689497652,0.02759295605019818,0.004354836461163037,0.019125296730964747
1896,4,1896.2916666666667,4.42,0.1867,6.469903306,3.55,17.643699378129995,-0.001004901960784288,0.013906022019347208,0.004342108331646548,0.01933284137605451
1896,5,1896.375,4.4,0.1858,6.374754215,3.533333333333333,17.82826689423282,-0.014662878787878864,0.00026573987659350706,0.004329381658060766,0.019545747741837705
1896,6,1896.4583333333333,4.32,0.185,6.279613223,3.5166666666666666,17.777578616430457,-0.06124614197530864,-0.06124614197530864,0.004316656442652564,0.004316656442652667
1896,7,1896.5416666666667,4.04,0.1842,6.279613223,3.5,16.637100103394577,-0.05313118811881179,-0.05313118811881179,0.004303932687678135,0.004303932687678147
1896,8,1896.625,3.81,0.1833,6.279613223,3.4833333333333334,15.70337054622687,0.056502624671916024,0.056502624671916024,0.004291210395395675,0.004291210395395595
1896,9,1896.7083333333333,4.01,0.1825,6.279613223,3.466666666666667,16.544339943032014,0.02623649210307577,-0.003946745269084673,0.004278489568067815,-0.025258928241221112
1896,10,1896.7916666666667,4.1,0.1817,6.469903306,3.4499999999999997,16.43886680472588,0.07198577235772352,0.04135779376293969,0.004265770207960522,-0.02442736295345549
1896,11,1896.875,4.38,0.1808,6.660193388,3.4333333333333336,17.089425242371114,-0.03308980213089807,-0.03308980213089807,0.004253052317344871,0.004253052317344963
1896,12,1896.9583333333333,4.22,0.18,6.660193388,3.4166666666666665,16.501404180590086,0.0035545023696681444,0.03307062641595748,0.004240335898495038,0.033776631392836265
1897,1,1897.0416666666667,4.22,0.18,6.469903306,3.4,17.026521282380553,-0.005924170616113833,-0.005924170616113833,0.0031816850893370066,0.0031816850893369164
1897,2,1897.125,4.18,0.18,6.469903306,3.3958333333333335,16.89402588325409,0.005980861244019309,0.005980861244019309,0.0031782862270911,0.003178286227091043
1897,3,1897.2083333333333,4.19,0.18,6.469903306,3.3916666666666666,16.95803071672104,-0.027446300715990746,-0.012930039019529271,0.0031748873878927573,0.01814819858228911
1897,4,1897.2916666666667,4.06,0.18,6.374754215,3.3874999999999997,16.69685743473466,0.008620689655172376,0.02390207237059916,0.003171488571755301,0.01837031168067882
1897,5,1897.375,4.08,0.18,6.279613223,3.3833333333333333,17.047755129229383,0.05024509803921551,0.05024509803921551,0.0031680897786856154,0.0031680897786856566
1897,6,1897.4583333333333,4.27,0.18,6.279613223,3.3791666666666664,17.85049728069061,0.04800936768149877,0.04800936768149877,0.0031646910086923588,0.003164691008692433
1897,7,1897.5416666666667,4.46,0.18,6.279613223,3.375,18.651975755820285,0.06838565022421528,0.02193375630592631,0.0031612922617844145,-0.04045473901053609
1897,8,1897.625,4.75,0.18,6.565052397,3.3708333333333336,19.006396010519442,0.05157894736842117,0.0219572006181612,0.0031578935379691082,-0.025099888863693298
1897,9,1897.7083333333333,4.98,0.18,6.755342479,3.3666666666666667,19.372370293397793,-0.029116465863453955,-0.015246195083268632,0.0031544948372588754,0.017485796160776834
1897,10,1897.7916666666667,4.82,0.18,6.660193388,3.3625000000000003,19.02803122390242,-0.032157676348547715,-0.032157676348547826,0.003151096159661266,0.0031510961596612486
1897,11,1897.875,4.65,0.18,6.660193388,3.3583333333333334,18.358448098050218,0.02473118279569886,0.02473118279569886,0.0031476975051844946,0.00314769750518451
1897,12,1897.9583333333333,4.75,0.18,6.660193388,3.3541666666666665,18.748757662525502,0.030526315789473513,0.030526315789473513,0.0031442988738363334,0.003144298873836382
1898,1,1898.0416666666667,4.88,0.1817,6.660193388,3.35,19.249000021813753,0.0010536202185793542,-0.013046233682559638,0.0045393080996218044,-0.009609641762887144
1898,2,1898.125,4.87,0.1833,6.755342479,3.3291666666666666,18.91813188800214,-0.042037987679671374,-0.042037987679671374,0.004523791394722676,0.004523791394722698
1898,3,1898.2083333333333,4.65,0.185,6.755342479,3.308333333333333,18.04217492346868,-0.01388888888888884,-0.01388888888888884,0.004508277593437117,0.004508277593437082
1898,4,1898.2916666666667,4.57,0.1867,6.755342479,3.2875,17.705089426411774,0.06904996353026971,-0.0012823970676990593,0.0044927667013939625,-0.06159240227648555
1898,5,1898.375,4.87,0.1883,7.231071736,3.2666666666666666,17.595635274512816,0.04223648186173845,0.11563355812777765,0.004477258724235362,0.07521522966379535
1898,6,1898.4583333333333,5.06,0.19,6.755342479,3.2458333333333336,19.544817480547998,0.007081686429512679,0.02146909253684348,0.004461753667615908,0.018811730798601323
1898,7,1898.5416666666667,5.08,0.1917,6.660193388,3.225,19.858943014167306,0.040546259842519694,0.040546259842519694,0.004446251537200621,0.004446251537200574
1898,8,1898.625,5.27,0.1933,6.660193388,3.2041666666666666,20.544915179153282,0.0011590765338393982,0.0011590765338393982,0.004430752338673176,0.004430752338673072
1898,9,1898.7083333333333,5.26,0.195,6.660193388,3.1833333333333336,20.4427328626913,-0.017823193916349678,-0.01782319391634979,0.0044152560777243575,0.0044152560777244165
1898,10,1898.7916666666667,5.15,0.1967,6.660193388,3.1625,19.94719982577366,0.03619255663430421,0.03619255663430421,0.004399762760059598,0.0043997627600596
1898,11,1898.875,5.32,0.1983,6.660193388,3.1416666666666666,20.5274163248113,0.06513627819548873,0.05013381918227422,0.0043842723913969945,-0.0097624937910461
1898,12,1898.9583333333333,5.65,0.2,6.755342479,3.1208333333333336,21.403631985448186,0.07905604719764003,0.07905604719764003,0.004368784977467515,0.004368784977467621
1899,1,1899.0416666666667,6.08,0.2008,6.755342479,3.1,22.932807416487183,0.04058114035087712,0.012072250800782003,0.002229790221947199,-0.025228384143598293
1899,2,1899.125,6.31,0.2017,6.945632562,3.104166666666667,23.048117549980198,0.016926835710512567,0.016926835710512567,0.0022333374157125063,0.002233337415712411
1899,3,1899.2083333333333,6.4,0.2025,6.945632562,3.1083333333333334,23.279682245508727,0.01513671875,0.0014193177149062208,0.002236884585812299,-0.011306202787635722
1899,4,1899.2916666666667,6.48,0.2033,7.040773554,3.1125000000000003,23.152421525686492,-0.03905221193415642,-0.03905221193415642,0.0022404317322579025,0.0022404317322579637
1899,5,1899.375,6.21,0.2042,7.040773554,3.116666666666667,22.091269360834193,-0.019804079441760547,-0.03287383306477276,0.0022439788550544233,-0.011119759555857422
1899,6,1899.4583333333333,6.07,0.205,7.135922645,3.1208333333333336,21.21209192504684,0.037410763316858775,0.023760132438479964,0.0022475259542131852,-0.010940414164922418
1899,7,1899.5416666666667,6.28,0.2058,7.231071736,3.125,21.561425634523125,0.028208598726114698,0.014855889941533418,0.0022510730297432926,-0.010764541431933616
1899,8,1899.625,6.44,0.2067,7.326212727,3.129166666666667,21.72623737305546,-0.008194875776397548,-0.0453878582077355,0.0022546200816537386,-0.03533022150262921
1899,9,1899.7083333333333,6.37,0.2075,7.611651901,3.1333333333333337,20.59114051411378,-0.001995028780743091,-0.014315482217214015,0.002258167109955847,-0.010114792379529725
1899,10,1899.7916666666667,6.34,0.2083,7.706792893,3.1374999999999997,20.153713460686614,0.021665352260778148,0.009205566124972586,0.0022617141146548357,-0.009961433692345367
1899,11,1899.875,6.46,0.2092,7.801941983,3.1416666666666666,20.1964575208023,-0.06541279669762656,-0.07667328768363357,0.0022652610957619185,-0.00981065744696763
1899,12,1899.9583333333333,6.02,0.21,7.897091074,3.145833333333333,18.512649643600202,0.016196013289036637,0.016196013289036637,0.0022688080532860875,0.0022688080532859978
1900,1,1900.0416666666667,6.1,0.2175,7.897091074,3.15,18.674275362444785,0.021004098360655865,0.008849878869539918,0.0029777944597929712,-0.008961836613336494
1900,2,1900.125,6.21,0.225,7.992232066,3.145833333333333,18.70379741725144,0.011070853462157748,0.011070853462157748,0.0029743969964564974,0.0029743969964564076
1900,3,1900.2083333333333,6.26,0.2325,7.992232066,3.1416666666666666,18.775793421238376,0.01587460063897761,0.01587460063897761,0.002970999556711819,0.002970999556711762
1900,4,1900.2916666666667,6.34,0.24,7.992232066,3.1374999999999997,18.93640203332273,-0.04416403785488965,-0.020851110769902648,0.0029676021405667073,0.027430074262700055
1900,5,1900.375,6.04,0.2475,7.801941983,3.1333333333333337,18.403197016950415,-0.026386589403973426,-0.014366228753805887,0.002964204748033819,0.01534693420622757
1900,6,1900.4583333333333,5.86,0.255,7.706792893,3.129166666666667,17.99271158430398,0.0036262798634811855,-0.008613509593704105,0.002960807379120037,-0.009270866265176037
1900,7,1900.5416666666667,5.86,0.2625,7.801941983,3.125,17.689545468952804,0.01738481228668931,0.029945580483383027,0.002957410033835354,0.01534005560358409
1900,8,1900.625,5.94,0.27,7.706792893,3.1208333333333336,18.069614666784194,-0.0197811447811449,-0.031735467471333934,0.0029540127121882075,-0.009277578067306114
1900,9,1900.7083333333333,5.8,0.2775,7.801941983,3.116666666666667,17.34187415122471,0.040193965517241415,0.053036338553158036,0.002950615414186591,0.015333177096657158
1900,10,1900.7916666666667,6.01,0.285,7.706792893,3.1125000000000003,18.102398784556055,0.08215474209650586,0.08215474209650586,0.0029472181398427165,0.0029472181398426667
1900,11,1900.875,6.48,0.2925,7.706792893,3.1083333333333334,19.419584603760757,0.0639467592592593,0.07724544283382118,0.002943820889164356,0.015480005055327872
1900,12,1900.9583333333333,6.87,0.3,7.611651901,3.104166666666667,20.74405116087085,0.0327510917030569,0.020001694552011395,0.002940423662160614,-0.009440958340564243
1901,1,1901.0416666666667,7.07,0.3017,7.706792893,3.1,20.978581834536193,0.02901579443658653,0.04187786232141755,0.0020177363323422084,0.014542345008118351
1901,2,1901.125,7.25,0.3033,7.611651901,3.106666666666667,21.679149848206194,0.039348275862068904,0.039348275862068904,0.0020234837605245513,0.002023483760524636
1901,3,1901.2083333333333,7.51,0.305,7.611651901,3.1133333333333333,22.34758395068385,0.08727252552152698,0.10103597310981405,0.002029231091818396,0.01471361010475114
1901,4,1901.2916666666667,8.14,0.3067,7.51650281,3.12,24.409716994827217,-0.04722870597870599,-0.04722870597870599,0.002034978326282364,0.0020349783262822996
1901,5,1901.375,7.73,0.3083,7.51650281,3.126666666666667,23.064012684863563,0.10293553255713661,0.10293553255713661,0.0020407254639799592,0.002040725463980042
1901,6,1901.4583333333333,8.5,0.31,7.51650281,3.1333333333333333,25.238466205960346,-0.06401960784313732,-0.07571978602598994,0.002046472504969579,-0.010479561559472828
1901,7,1901.5416666666667,7.93,0.3117,7.611651901,3.14,23.144848553708112,0.017146910466582677,0.004590148216046197,0.0020522194493115095,-0.010318197599367918
1901,8,1901.625,8.04,0.3133,7.706792893,3.146666666666667,23.07717771384438,-0.0017278192371474876,-0.013902312431132713,0.002057966297065591,-0.010162696690196649
1901,9,1901.7083333333333,8.0,0.315,7.801941983,3.1533333333333333,22.590468316860246,-0.007968749999999969,-0.007968749999999969,0.002063713048291553,0.002063713048291449
1901,10,1901.7916666666667,7.91,0.3167,7.801941983,3.16,22.252901618408934,0.02482827644332075,0.012480504583917806,0.0020694597030497934,-0.010004099702073388
1901,11,1901.875,8.08,0.3183,7.897091074,3.1666666666666665,22.375074777652806,-0.012806311881188082,-0.024558046066100014,0.002075206261399818,-0.009853680236765805
1901,12,1901.9583333333333,7.95,0.32,7.992232066,3.173333333333334,21.68021514102968,0.024737945492662394,0.037083578050351784,0.002080952723401803,0.01415362290195632
1902,1,1902.0416666666667,8.12,0.3208,7.897091074,3.18,22.34029079603357,0.011912972085385887,0.011912972085385887,0.0018051916871570516,0.0018051916871570928
1902,2,1902.125,8.19,0.3217,7.897091074,3.1900000000000004,22.459957452460408,0.004494301994302008,0.004494301994302008,0.0018139539645402204,0.0018139539645403158
1902,3,1902.2083333333333,8.2,0.3225,7.897091074,3.1999999999999997,22.410652288217346,0.037423780487805036,0.025074098098089692,0.0018227159175546342,-0.010103164889386673
1902,4,1902.2916666666667,8.48,0.3233,7.992232066,3.21,22.823108698497855,0.0008185927672956783,-0.010956168123661514,0.001831477546502053,-0.00995520006559869
1902,5,1902.375,8.46,0.3242,8.087381157,3.2199999999999998,22.427954493329803,-0.0027167060677699695,-0.014311485412187075,0.001840238851684013,-0.009807521196558477
1902,6,1902.4583333333333,8.41,0.325,8.18251405,3.2300000000000004,21.963742295514628,0.025812524772096612,0.025812524772096612,0.0018489998334013848,0.0018489998334014768
1902,7,1902.5416666666667,8.6,0.3258,8.18251405,3.2399999999999998,22.385686589401377,0.029901162790697766,0.042016021138327364,0.00185776049195526,0.013642740732141556
1902,8,1902.625,8.83,0.3267,8.087381157,3.25,23.168671834092873,0.005348244620611453,-0.006340300782280983,0.0018665208276463993,-0.009781544784435159
1902,9,1902.7083333333333,8.85,0.3275,8.18251405,3.26,22.85656638195451,-0.028554613935969808,-0.09191365571185295,0.0018752808407745615,-0.06346844170260613
1902,10,1902.7916666666667,8.57,0.3283,8.753424793,3.27,20.604425401859817,-0.03531408012446513,-0.002789734976512248,0.0018840405316399526,0.03566251875041715
1902,11,1902.875,8.24,0.3292,8.467928926,3.2800000000000002,20.408541255072187,-0.019728964401294458,-0.030623131166114925,0.0018927999005419987,-0.009241658678990738
1902,12,1902.9583333333333,8.05,0.33,8.563094215,3.29,19.63323212682385,0.05434782608695654,0.04275920189178972,0.0019015589477799043,-0.009110614037190934
1903,1,1903.0416666666667,8.46,0.3317,8.658259504,3.3,20.3181320538285,-0.002642828999212199,-0.00264282899921231,0.0020502056643328637,0.0020502056643327826
1903,2,1903.125,8.41,0.3333,8.658259504,3.308333333333333,20.107051517552808,-0.03593638525564802,-0.0030732295082926964,0.0020574453530196953,0.036215740916498484
1903,3,1903.2083333333333,8.08,0.335,8.372844628,3.3166666666666664,19.88456038487284,-0.037386551155115466,-0.037386551155115466,0.0020646848560173965,0.002064684856017296
1903,4,1903.2916666666667,7.75,0.3367,8.372844628,3.325,18.980022601826267,-0.015734408602150585,0.0071602467289042515,0.0020719241734715177,0.025380766341057903
1903,5,1903.375,7.6,0.3383,8.18251405,3.333333333333333,18.95485872303988,-0.05155372807017544,-0.05155372807017544,0.002079163305527608,0.0020791633055277092
1903,6,1903.4583333333333,7.18,0.34,8.18251405,3.341666666666667,17.81855172296852,-0.04201485608170841,-0.04201485608170841,0.002086402252325335,0.002086402252325259
1903,7,1903.5416666666667,6.85,0.3417,8.18251405,3.3499999999999996,16.91817841476666,-0.02795985401459844,-0.02795985401459844,0.0020936410140119117,0.002093641014011993
1903,8,1903.625,6.63,0.3433,8.18251405,3.3583333333333334,16.2991187909035,-0.019817747611865277,-0.031086525188414593,0.002100879590726674,-0.009419887994953524
1903,9,1903.7083333333333,6.47,0.345,8.277679339,3.3666666666666663,15.65435911519692,-0.02801391035548695,-0.01670939727310483,0.002108117982616836,0.01376296001213495
1903,10,1903.7916666666667,6.26,0.3467,8.18251405,3.3749999999999996,15.252943825778841,0.007810170394036309,0.019665169588852782,0.0021153561898211754,0.013903366560959585
1903,11,1903.875,6.28,0.3483,8.087381157,3.3833333333333333,15.407877534297898,0.05080015923566883,0.05080015923566883,0.002122594212486687,0.002122594212486728
1903,12,1903.9583333333333,6.57,0.35,8.087381157,3.3916666666666666,16.042894140050144,0.0211821410451547,-0.0022941373866741666,0.002129832050752147,-0.020908446838444728
1904,1,1904.0416666666667,6.68,0.3467,8.277679339,3.4,15.861833914033642,-0.022621007984031882,-0.04457985426137667,0.0022762755287333084,-0.020241939863198888
1904,2,1904.125,6.5,0.3433,8.467928926,3.4066666666666667,15.02149838033144,0.0013243589743590078,0.012695670395209024,0.0022820186559176486,0.013664205520250494
1904,3,1904.2083333333333,6.48,0.34,8.372844628,3.4133333333333336,15.081930176258867,0.02906378600823034,0.04089453573702295,0.0022877616888801362,0.013810677786014969
1904,4,1904.2916666666667,6.64,0.3367,8.277679339,3.42,15.565490611691484,-0.016858684738955798,0.006274886105708921,0.002293504627678614,0.025877731469264864
1904,5,1904.375,6.5,0.3333,8.087381157,3.4266666666666667,15.52582089625464,0.005811538461538479,0.005811538461538479,0.0022992474723712575,0.002299247472371313
1904,6,1904.4583333333333,6.51,0.33,8.087381157,3.4333333333333336,15.474433638652657,0.045698924731182755,0.045698924731182755,0.0023049902230167976,0.0023049902230167785
1904,7,1904.5416666666667,6.78,0.3267,8.087381157,3.44,16.036401629624113,0.03793879056047178,0.025871335582751342,0.002310732879672966,-0.009342497303756248
1904,8,1904.625,7.01,0.3233,8.18251405,3.4466666666666663,16.304651978851034,0.04806585829767007,0.036016649067492246,0.002316475442397938,-0.00920677076569476
1904,9,1904.7083333333333,7.32,0.32,8.277679339,3.453333333333333,16.74260004916369,0.062386156648451596,0.062386156648451596,0.0023222179112498895,0.0023222179112498686
1904,10,1904.7916666666667,7.75,0.3167,8.277679339,3.46,17.633197370821403,0.05759892473118278,0.03383777127795029,0.0023279602862866632,-0.02019141631092536
1904,11,1904.875,8.17,0.3133,8.467928926,3.466666666666667,18.07620022377007,0.012987556099551156,0.012987556099551156,0.002333702567566435,0.002333702567566487
1904,12,1904.9583333333333,8.25,0.31,8.467928926,3.473333333333333,18.159679118703203,0.024949494949494833,0.024949494949494833,0.002339444755147158,0.0023394447551472464
1905,1,1905.0416666666667,8.43,0.3117,8.467928926,3.48,18.459852032455853,0.04697212336892065,0.04697212336892065,0.0032469477020860976,0.0032469477020860005
1905,2,1905.125,8.8,0.3133,8.467928926,3.475833333333333,19.168996375829835,0.03137594696969703,0.0430885323870529,0.0032435483990068213,0.014636654656292603
1905,3,1905.2083333333333,9.05,0.315,8.372844628,3.4716666666666667,19.831506074218424,-0.009254143646409085,-0.009254143646409196,0.0032401491188087978,0.003240149118808766
1905,4,1905.2916666666667,8.94,0.3167,8.372844628,3.4675,19.48292752471129,-0.046264914243102084,-0.03530018954811798,0.0032367498614989097,0.01477057610989796
1905,5,1905.375,8.5,0.3183,8.277679339,3.463333333333333,18.62948750984513,0.014885294117646941,0.014885294117646941,0.003233350627085817,0.0032333506270858514
1905,6,1905.4583333333333,8.6,0.32,8.277679339,3.4591666666666665,18.735862386183538,0.03449612403100777,0.03449612403100777,0.0032299514155770706,0.003229951415577137
1905,7,1905.5416666666667,8.87,0.3217,8.277679339,3.455,19.205883309548053,0.040226418639609074,0.028403262692797027,0.0032265522269846587,-0.008176065284378087
1905,8,1905.625,9.2,0.3233,8.372844628,3.4508333333333336,19.573308430803724,0.006189311594203106,0.017757082306874894,0.00322315306131591,0.014756822992543661
1905,9,1905.7083333333333,9.23,0.325,8.277679339,3.4466666666666663,19.74349241969778,0.017018779342723,0.017018779342723,0.003219753918579262,0.0032197539185792046
1905,10,1905.7916666666667,9.36,0.3267,8.277679339,3.4425000000000003,19.897394814329534,-0.002433226495726415,-0.013771515275128543,0.003216354798782264,-0.008186146809175732
1905,11,1905.875,9.31,0.3283,8.372844628,3.438333333333334,19.443525693264984,0.027643215180809033,0.01610406144394738,0.0032129557019373515,-0.008051876640306377
1905,12,1905.9583333333333,9.54,0.33,8.467928926,3.434166666666667,19.577960809096112,0.03747379454926625,0.03747379454926625,0.003209556628051406,0.0032095566280514465
1906,1,1906.0416666666667,9.87,0.3358,8.467928926,3.43,20.132402260807893,-0.004257007767645926,-0.004257007767646037,0.0011908125183192442,0.0011908125183193174
1906,2,1906.125,9.8,0.3417,8.467928926,3.45,19.866752563675888,-0.02158418367346937,-0.02158418367346948,0.001209160982593644,0.0012091609825937155
1906,3,1906.2083333333333,9.56,0.3475,8.467928926,3.4700000000000006,19.25945302085411,-0.01056921199442129,-0.01056921199442129,0.0012275069162090285,0.001227506916209098
1906,4,1906.2916666666667,9.43,0.3533,8.467928926,3.49,18.87620499611588,-0.02338900671615407,-0.03424249788218958,0.0012458503238539794,-0.009881418431312738
1906,5,1906.375,9.18,0.3592,8.563094215,3.51,18.054044460926395,0.016332607116920972,0.016332607116920972,0.0012641912102054234,0.0012641912102053787
1906,6,1906.4583333333333,9.3,0.365,8.563094215,3.5300000000000002,18.172666376497496,-0.022535842293906705,0.011167180007489952,0.0012825295799359562,0.035806810760359964
1906,7,1906.5416666666667,9.06,0.3708,8.277679339,3.55,18.19520014351375,0.07736203090507732,0.05315685828018224,0.0013008654377022959,-0.021195435343396962
1906,8,1906.625,9.73,0.3767,8.467928926,3.5700000000000003,18.967251477549294,0.03405875299760175,0.0225668205720988,0.001319198788153392,-0.009808885119530486
1906,9,1906.7083333333333,10.03,0.3825,8.563094215,3.59,19.20099368200136,-0.026732303090727716,-0.04789460329688333,0.0013375296359280885,-0.02043510853663122
1906,10,1906.7916666666667,9.73,0.3883,8.753424793,3.61,18.095380908869096,0.023880609797875874,0.012878194812794952,0.0013558579856552382,-0.009404510549378298
1906,11,1906.875,9.93,0.3942,8.848509091,3.6300000000000003,18.141851654007958,-0.00575528700906347,-0.016334561413338333,0.0013741838419539247,-0.00928095179397237
1906,12,1906.9583333333333,9.84,0.4,8.94367438,3.6499999999999995,17.660003667768652,-0.025067750677506773,-0.014582401303049775,0.0013925072094333486,0.012162435382751191
1907,1,1907.0416666666667,9.56,0.4033,8.848509091,3.67,17.218913853705978,-0.027865237099023776,-0.04833544987992,0.0016851826907619584,-0.019407272400507547
1907,2,1907.125,9.26,0.4067,9.038839669,3.6866666666666665,16.217071288766146,-0.0946121310295176,-0.08497833908374341,0.0017002190493607644,0.012358823867349988
1907,3,1907.2083333333333,8.35,0.41,8.94367438,3.7033333333333336,14.687545255978645,0.008882235528942184,0.008882235528942184,0.001715253974755792,0.0017152539747558038
1907,4,1907.2916666666667,8.39,0.4133,8.94367438,3.7199999999999998,14.66970990560273,-0.030459872864521453,-0.05066274494415668,0.0017302874691512786,-0.01914334972194509
1907,5,1907.375,8.1,0.4167,9.134004959,3.736666666666667,13.79010715342424,-0.02781172839506174,-0.03782786712696362,0.0017453195347525712,-0.008575335823421404
1907,6,1907.4583333333333,7.84,0.42,9.229089256,3.753333333333333,13.144269952673199,0.04272959183673475,0.04272959183673475,0.0017603501737561348,0.0017603501737561977
1907,7,1907.5416666666667,8.14,0.4233,9.229089256,3.7699999999999996,13.585007357961837,-0.07060503685503683,-0.07060503685503683,0.0017753793883559924,0.0017753793883559243
1907,8,1907.625,7.53,0.4267,9.229089256,3.7866666666666666,12.513471604446607,-0.005901947764497595,-0.005901947764497484,0.0017904071807423923,0.001790407180742415
1907,9,1907.7083333333333,7.45,0.43,9.229089256,3.8033333333333337,12.328569657736622,-0.10391498881431771,-0.11306061956115121,0.0018054335531018074,-0.008419201901211815
1907,10,1907.7916666666667,6.64,0.4333,9.324254545,3.82,10.831840153050601,-0.05329693775100408,-0.01301188349607385,0.001820458507616047,0.04445092325841404
1907,11,1907.875,6.25,0.4367,8.94367438,3.836666666666667,10.59117755918978,0.057022666666666666,0.0799963176134122,0.0018354820464642585,0.023609677999310685
1907,12,1907.9583333333333,6.57,0.44,8.753424793,3.853333333333333,11.333306235811166,0.048198883815322224,0.059719923310809664,0.0018505041718210342,0.012862115999840551
1908,1,1908.0416666666667,6.85,0.4367,8.658259504,3.87,11.902968628266972,-0.03118369829683698,-0.020416832836219978,0.003973676524506831,0.01513126076636695
1908,2,1908.125,6.6,0.4333,8.563094215,3.8608333333333333,11.55484629514479,0.04638005050505045,0.04638005050505045,0.003966380578521351,0.003966380578521278
1908,3,1908.2083333333333,6.87,0.43,8.563094215,3.8516666666666666,11.984662664464292,0.05907326540514313,0.04743270261906685,0.003959084867743722,-0.007075702945150475
1908,4,1908.2916666666667,7.24,0.4267,8.658259504,3.8425,12.448889158370363,0.05877877532228348,0.05877877532228348,0.003951789392368904,0.003951789392368843
1908,5,1908.375,7.63,0.4233,8.658259504,3.833333333333333,13.078451355438341,0.00593381389252956,0.00593381389252956,0.003944494152598066,0.003944494152598121
1908,6,1908.4583333333333,7.64,0.42,8.658259504,3.8241666666666663,13.051684129229988,0.04123036649214673,0.029910341349297376,0.003937199148632381,-0.00697738296684236
1908,7,1908.5416666666667,7.92,0.4167,8.753424793,3.8149999999999995,13.3454871048344,0.04731376262626252,0.04731376262626252,0.003929904380667249,0.003929904380667315
1908,8,1908.625,8.26,0.4133,8.753424793,3.805833333333333,13.88423289520861,-0.006726190476190497,-0.006726190476190497,0.00392260984890473,0.00392260984890469
1908,9,1908.7083333333333,8.17,0.41,8.753424793,3.7966666666666664,13.701442268825113,0.016421868625050795,0.00549960377160108,0.003915315553544662,-0.006872556397442775
1908,10,1908.7916666666667,8.27,0.4067,8.848509091,3.7874999999999996,13.690810359178709,0.07181277710600575,0.06040813865949901,0.00390802149478911,-0.006774075475177721
1908,11,1908.875,8.83,0.4033,8.94367438,3.778333333333333,14.435014091256262,0.02645620989052455,0.015649180953492214,0.003900727672834359,-0.006668826205187384
1908,12,1908.9583333333333,9.03,0.4,9.038839669,3.769166666666667,14.582482908962438,0.007013658176449056,0.017728800715807624,0.0038934340878831364,0.014575375840348404
1909,1,1909.0416666666667,9.06,0.4033,8.94367438,3.76,14.76441845644136,-0.024988042678440014,-0.035253441567546395,0.002107890985023964,-0.00844278703859902
1909,2,1909.125,8.8,0.4067,9.038839669,3.7725,14.167157516701366,0.0174876893939393,0.0174876893939393,0.002118949064866315,0.0021189490648663156
1909,3,1909.2083333333333,8.92,0.41,9.038839669,3.7849999999999997,14.33605838058622,0.04867339312406571,0.02705591014111186,0.002130006544618132,-0.018528025312801844
1909,4,1909.2916666666667,9.32,0.4133,9.229089256,3.7975,14.645198603086122,0.0369572603719599,0.02637385803264225,0.0021410634249751943,-0.008086997537897767
1909,5,1909.375,9.63,0.4167,9.324254545,3.8099999999999996,14.953509786582782,0.02125908618899275,0.01094120899435036,0.0021521197066268366,-0.007972717997456136
1909,6,1909.4583333333333,9.8,0.42,9.419419835,3.8225,15.040444676080996,0.017857142857142794,0.017857142857142794,0.0021631753902615104,0.0021631753902615625
1909,7,1909.5416666666667,9.94,0.4233,9.419419835,3.835,15.231503240497684,0.027693661971831096,0.017414625832008035,0.0021742304765721056,-0.007849559213541024
1909,8,1909.625,10.18,0.4267,9.514585124,3.8474999999999997,15.417580706254759,0.0044752783235100235,-0.005463651051578755,0.0021852849662449604,-0.007730985730488693
1909,9,1909.7083333333333,10.19,0.43,9.609669421,3.8600000000000003,15.25444643682118,0.007441936539090532,-0.012124084592579631,0.0021963388599677493,-0.01726780496114444
1909,10,1909.7916666666667,10.23,0.4333,9.8,3.8724999999999996,14.988845296121768,-0.001357934180514886,-0.010962226582473589,0.002207392158425034,-0.007431189242404712
1909,11,1909.875,10.18,0.4367,9.895165289,3.885,14.74563117682459,0.015362639161755176,0.005690558818977731,0.0022184448623063743,-0.007328427305182794
1909,12,1909.9583333333333,10.3,0.44,9.990330579,3.8975000000000004,14.750638489265036,-0.017799352750809128,-0.00835318316154876,0.0022294969722942257,0.011868291064187853
1910,1,1910.0416666666667,10.08,0.4425,9.895165289,3.91,14.547885040564148,-0.032056051587301515,-0.032056051587301404,0.0027832090999690678,0.0027832090999690973
1910,2,1910.125,9.72,0.445,9.895165289,3.9158333333333335,14.002037903032702,0.02850651577503438,0.009104939707492932,0.00278820844150251,-0.016128221748587857
1910,3,1910.2083333333333,9.96,0.4475,10.08541488,3.921666666666667,14.050006965077824,-0.02035224230254351,-0.02950972266244012,0.0027932077228132357,-0.006580629998556353
1910,4,1910.2916666666667,9.72,0.45,10.18058017,3.9274999999999998,13.559883620820079,-0.012602880658436288,0.0062004909240998,0.002798206943931333,0.021894867181345923
1910,5,1910.375,9.56,0.4525,9.990330579,3.9333333333333336,13.568792287251453,-0.044172768479777025,-0.03498024131920119,0.0028032061048933288,0.012447517759595073
1910,6,1910.4583333333333,9.1,0.455,9.895165289,3.9391666666666665,13.019657302315943,-0.04638278388278383,-0.04638278388278383,0.002808205205729419,0.0028082052057294415
1910,7,1910.5416666666667,8.64,0.4575,9.895165289,3.9450000000000003,12.34258125998522,0.02871817129629628,0.038707789874965925,0.0028132042464719138,0.012551266327607724
1910,8,1910.625,8.85,0.46,9.8,3.9508333333333336,12.745055150886254,0.011111111111111294,0.021026033308697567,0.0028182032271511204,0.012651805443621988
1910,9,1910.7083333333333,8.91,0.4625,9.704834711,3.956666666666667,12.937161101070847,0.05034137673026562,0.08216744022976341,0.002823202147803343,0.03320943239389784
1910,10,1910.7916666666667,9.32,0.465,9.419419835,3.9625,13.918866656445815,0.0030847639484978817,0.023771280094636138,0.002828201008458781,0.02350942608290274
1910,11,1910.875,9.31,0.4675,9.229089256,3.9683333333333333,14.164523175780351,-0.023742391693519438,-0.023742391693519327,0.0028331998091496295,0.0028331998091495336
1910,12,1910.9583333333333,9.05,0.47,9.229089256,3.9741666666666666,13.74147841778155,0.028637200736648216,0.028637200736648216,0.002838198549906199,0.00283819854990619
1911,1,1911.0416666666667,9.27,0.47,9.229089256,3.98,14.049215181401202,0.021485077310320122,0.054083204689413744,0.00311371750672954,0.035125569138573454
1911,2,1911.125,9.43,0.47,8.94367438,3.9825,14.721488469928302,-0.00751148815835978,-0.01796088869176249,0.0031158261064045587,-0.007445463947150621
1911,3,1911.2083333333333,9.32,0.47,9.038839669,3.985,14.370623221979534,-8.941344778268245e-05,0.03251375192128636,0.0031179347013647932,0.03582567912331025
1911,4,1911.2916666666667,9.28,0.47,8.753424793,3.9875,14.752935420329353,0.02577227011494254,0.02577227011494254,0.003120043291614796,0.003120043291614749
1911,5,1911.375,9.48,0.47,8.753424793,3.99,15.047660591685043,0.024173699015471062,0.024173699015471062,0.0031221518771542335,0.0031221518771542556
1911,6,1911.4583333333333,9.67,0.47,8.753424793,3.9924999999999997,15.328355684719284,-8.617718028258725e-05,-0.010831049895620781,0.00312426045798366,-0.0076551109741404
1911,7,1911.5416666666667,9.63,0.47,8.848509091,3.995,15.08311057870027,-0.043700242298373215,-0.07359070443614568,0.003126369034102633,-0.028227723144147454
1911,8,1911.625,9.17,0.47,9.134004959,3.9975,13.899790665654447,-0.05025445292620867,-0.060039371585834944,0.003128477605515815,-0.007206427979213559
1911,9,1911.7083333333333,8.67,0.47,9.229089256,4.0,12.997953983252437,0.01028450595924646,0.01028450595924646,0.003130586172222539,0.003130586172222616
1911,10,1911.7916666666667,8.72,0.47,9.229089256,4.0024999999999995,13.066472850619194,0.0446292048929664,0.055503715473896875,0.0031326947342239157,0.01357522980013015
1911,11,1911.875,9.07,0.47,9.134004959,4.005,13.727997586413094,0.008728408673281729,0.019348790830503004,0.0031348032915190574,0.013696293257065895
1911,12,1911.9583333333333,9.11,0.47,9.038839669,4.0075,13.929258419578236,0.0053969996341016735,-0.005078021724522985,0.0031369118441128482,-0.007314562131854885
1912,1,1912.0416666666667,9.12,0.4708,9.134004959,4.01,13.794952631845822,-0.004470029239766027,-0.014726649886340426,0.00037456851941451014,-0.009931964438050112
1912,2,1912.125,9.04,0.4717,9.229089256,4.046666666666667,13.531634369686595,0.03310932890855467,0.01223412638166077,0.0004105263177093272,-0.019803958018601353
1912,3,1912.2083333333333,9.3,0.4725,9.419419835,4.083333333333333,13.639769173944167,0.03541666666666665,0.004965522641509956,0.00044646938052785934,-0.0289762166832781
1912,4,1912.2916666666667,9.59,0.4733,9.704834711,4.12,13.654392690553232,0.003070038234271877,0.003070038234271877,0.0004823977574390133,0.0004823977574390792
1912,5,1912.375,9.58,0.4742,9.704834711,4.156666666666666,13.645500685612367,0.004124913013222153,0.014068838694401675,0.0005183114978249523,0.010426520728823885
1912,6,1912.4583333333333,9.58,0.475,9.609669421,4.193333333333333,13.785417404502525,0.005175713291579509,0.005175713291579509,0.000554210650870557,0.0005542106508704681
1912,7,1912.5416666666667,9.59,0.4758,9.609669421,4.23,13.802876645015786,0.027075078206465042,0.017003613768383774,0.0005900952655712999,-0.009221658300838875
1912,8,1912.625,9.81,0.4767,9.704834711,4.266666666666667,13.984761763426272,0.009146279306829763,-0.0006532816435284028,0.0006259653907325848,-0.009090856974299344
1912,9,1912.7083333333333,9.86,0.4775,9.8,4.303333333333334,13.92628500131587,0.002007268424611297,0.002007268424611297,0.0006618210749687486,0.0006618210749687048
1912,10,1912.7916666666667,9.84,0.4783,9.8,4.34,13.905092701178463,-0.007128218157181565,-0.007128218157181676,0.0006976623667107151,0.0006976623667107607
1912,11,1912.875,9.73,0.4792,9.8,4.376666666666667,13.74954101860653,-0.03186707776635822,-0.022373598270993833,0.0007334893141964544,0.01054664889481427
1912,12,1912.9583333333333,9.38,0.48,9.704834711,4.413333333333333,13.388999452579629,-0.004264392324093924,-0.013933725678386577,0.0007693019654789724,-0.008948912304304057
1913,1,1913.0416666666667,9.3,0.48,9.8,4.45,13.148088791761557,-0.031182795698924792,-0.031182795698924792,0.0056275659302748235,0.005627565930274914
1913,2,1913.125,8.97,0.48,9.8,4.425833333333333,12.682960516236756,-0.01449275362318847,-0.01449275362318847,0.005609713759590724,0.00560971375959074
1913,3,1913.2083333333333,8.8,0.48,9.8,4.401666666666667,12.443453515183657,0.003409090909090695,0.003409090909090695,0.005591865686416737,0.005591865686416675
1913,4,1913.2916666666667,8.79,0.48,9.8,4.3775,12.433067081795162,-0.022753128555176305,-0.012678418540281067,0.00557402171982338,0.01594076421178059
1913,5,1913.375,8.55,0.48,9.7,4.3533333333333335,12.221401061154124,-0.04561403508771955,-0.055352667382742915,0.005556181868911152,-0.0047045954970982296
1913,6,1913.4583333333333,8.12,0.48,9.8,4.3291666666666675,11.491962852761224,0.018472906403940836,0.008185301288749613,0.00553834614279787,-0.004618606848543649
1913,7,1913.5416666666667,8.23,0.48,9.9,4.305,11.534022795459858,0.03159173754556477,0.03159173754556477,0.005520514550626,0.005520514550626077
1913,8,1913.625,8.45,0.48,9.9,4.280833333333334,11.846840543564626,0.014201183431952646,0.004059171597633249,0.005502687101562209,-0.004552339769453462
1913,9,1913.7083333333333,8.53,0.48,10.0,4.256666666666667,11.843316826625973,-0.02696365767878084,-0.02696365767878084,0.005484863804795813,0.0054848638047957365
1913,10,1913.7916666666667,8.26,0.48,10.0,4.2325,11.471490240312288,-0.020581113801452777,-0.030278330496487982,0.005467044669540996,-0.004488074584612756
1913,11,1913.875,8.05,0.48,10.1,4.208333333333334,11.072537845038006,0.003726708074533791,0.013763975155279162,0.005449229705032373,0.01550372200208261
1913,12,1913.9583333333333,8.04,0.48,10.0,4.184166666666667,11.17404087003679,0.04601990049751237,0.04601990049751237,0.005431418920534753,0.00543141892053467
1914,1,1914.0416666666667,8.37,0.475,10.0,4.16,11.636092105046133,0.01787136598964567,0.028152894939035944,0.002930398884252443,0.013061008973992427
1914,2,1914.125,8.48,0.47,9.9,4.166666666666667,11.910233879798238,-0.014249213836478036,-0.014249213836478147,0.002936131635703622,0.0029361316357037204
1914,3,1914.2083333333333,8.32,0.465,9.9,4.173333333333334,11.685526018836827,-0.019381009615384692,-0.009374693386970279,0.0029418642993160643,0.013175964955431274
1914,4,1914.2916666666667,8.12,0.46,9.8,4.18,11.522662536200235,0.010878489326765273,0.0006675954951818053,0.002947596875143949,-0.007183186931675523
1914,5,1914.375,8.17,0.455,9.9,4.1866666666666665,11.47900869416448,-0.00025499796001626773,-0.00025499796001637876,0.002953329363240678,0.0029533293632406643
1914,6,1914.4583333333333,8.13,0.45,9.9,4.193333333333333,11.428715168831886,-0.050738007380073946,-0.060230627306273155,0.002959061763659987,-0.007070528853976632
1914,7,1914.5416666666667,7.68,0.445,10.0,4.2,10.694345183040136,0.004828559027777679,-0.014873961737472796,0.0029647940764556094,-0.01670118227798456
1914,8,1914.625,7.68,0.44,10.2,4.206666666666667,10.492046265076436,0.00477430555555558,0.00477430555555558,0.0029705263016809474,0.0029705263016810424
1914,9,1914.7083333333333,7.68,0.435,10.2,4.213333333333333,10.500497301802131,0.004720052083333259,0.01466777537128694,0.0029762584393896244,0.012906716443739974
1914,10,1914.7916666666667,7.68,0.43,10.1,4.220000000000001,10.61275946612622,0.0046657986111111605,-0.00518386608115462,0.0029819904896355993,-0.006851166279870591
1914,11,1914.875,7.68,0.425,10.2,4.226666666666667,10.51691764299212,-0.03835720486111116,-0.02883598906765683,0.002987722452471715,0.012918293961901917
1914,12,1914.9583333333333,7.35,0.42,10.1,4.233333333333333,10.172217991997861,0.022448979591836782,0.022448979591836782,0.002993454327951487,0.002993454327951506
1915,1,1915.0416666666667,7.48,0.4208,10.1,4.24,10.359834197757266,-0.008680926916221132,0.0012322638146167186,0.0048033464200302745,0.014851379884230465
1915,2,1915.125,7.38,0.4217,10.0,4.224166666666667,10.32978620966069,0.030507000903342574,0.04091616252862873,0.0047911480401975105,0.014940553575957027
1915,3,1915.2083333333333,7.57,0.4225,9.9,4.208333333333334,10.70701318868281,0.07994826067811545,0.06914877807133424,0.004778950833316038,-0.005268838675017151
1915,4,1915.2916666666667,8.14,0.4233,10.0,4.1925,11.401123789000183,-0.019007985257985305,-0.028720777483153714,0.004766754801093381,-0.005181430890006444
1915,5,1915.375,7.95,0.4242,10.1,4.176666666666667,11.02692987647131,0.015767295597484132,0.015767295597484132,0.004754559945239725,0.004754559945239656
1915,6,1915.4583333333333,8.04,0.425,10.1,4.160833333333333,11.154262189096338,0.000673714759535704,0.000673714759535704,0.004742366267463037,0.00474236626746305
1915,7,1915.5416666666667,8.01,0.4258,10.1,4.145,11.1136293939496,0.046876820640865624,0.046876820640865624,0.004730173769478837,0.004730173769478929
1915,8,1915.625,8.35,0.4267,10.1,4.129166666666666,11.584831641604596,0.041384231536926164,0.041384231536926164,0.0047179824530066364,0.004717982453006586
1915,9,1915.7083333333333,8.66,0.4275,10.1,4.113333333333333,12.011570757825888,0.05954099307159355,0.049153336276773985,0.004705792319762396,-0.005144264467686233
1915,10,1915.7916666666667,9.14,0.4283,10.2,4.0975,12.549076133220147,0.038915937272064216,0.02882937477427716,0.0046936033714709575,-0.005060703457378302
1915,11,1915.875,9.46,0.4292,10.3,4.081666666666667,12.857714453559307,0.005894996476391912,0.005894996476391912,0.004681415609859829,0.004681415609859796
1915,12,1915.9583333333333,9.48,0.43,10.3,4.065833333333333,12.878444602185981,-0.01204289732770758,-0.0215424848534026,0.004669229036654295,-0.004991052011775077
1916,1,1916.0416666666667,9.33,0.4408,10.4,4.05,12.543563692516168,-0.009996427295462684,-0.009996427295462795,0.0021622928805638928,0.0021622928805637986
1916,2,1916.125,9.2,0.4517,10.4,4.0649999999999995,12.354652326458789,0.0008306159420290449,-0.008701104209799748,0.002175696469520772,-0.007368833973045996
1916,3,1916.2083333333333,9.17,0.4625,10.5,4.08,12.177052795748478,-0.00670210832424567,-0.01607284315137536,0.002189099049324447,-0.0072655150926501655
1916,4,1916.2916666666667,9.07,0.4733,10.6,4.095,11.906481776593179,0.02639930172730609,0.016806784888733217,0.002202500621368801,-0.007163877889111214
1916,5,1916.375,9.27,0.4842,10.7,4.109999999999999,12.026256671905157,0.014061488673139166,0.0046720304446841165,0.0022159011870388373,-0.007063875675804243
1916,6,1916.4583333333333,9.36,0.495,10.8,4.125,11.995961222946578,-0.009481837606837518,-0.009481837606837407,0.002229300747722114,0.002229300747722096
1916,7,1916.5416666666667,9.23,0.5058,10.8,4.140000000000001,11.791165275254547,0.012150595882990167,0.0028648105996600393,0.0022426993048042993,-0.0069521878447810215
1916,8,1916.625,9.3,0.5167,10.9,4.155,11.73208263887416,0.04549014336917545,0.026652483128289495,0.002256096859663402,-0.015802571552222422
1916,9,1916.7083333333333,9.68,0.5275,11.1,4.17,11.94455241750447,0.03553288567493129,0.017204869999268624,0.0022694934136825383,-0.015469789655586319
1916,10,1916.7916666666667,9.98,0.5383,11.3,4.1850000000000005,12.045741763370797,0.02754091516366075,0.009670638378205698,0.0022828889682352765,-0.015148117796429439
1916,11,1916.875,10.21,0.5492,11.5,4.2,12.053230403230497,-0.035674175644792694,-0.04398732930302718,0.0022962835247004013,-0.006344201678098682
1916,12,1916.9583333333333,9.8,0.56,11.6,4.215,11.41355918884949,-0.018707482993197355,-0.027094598523169977,0.002309677084447041,-0.006257072292343069
1917,1,1917.0416666666667,9.57,0.5708,11.7,4.23,10.992361427383424,-0.051455938697318127,-0.0751695402298852,0.0012561841648763838,-0.023775220439245626
1917,2,1917.125,9.03,0.5817,12.0,4.258333333333333,10.063187738735728,0.036375968992248264,0.036375968992248264,0.0012829715907561432,0.0012829715907560768
1917,3,1917.2083333333333,9.31,0.5925,12.0,4.286666666666667,10.327157080107876,-0.009734156820623063,-0.056889673162498156,0.0013097523433926134,-0.04637166443486418
1917,4,1917.2916666666667,9.17,0.6033,12.6,4.315000000000001,9.644531197281234,-0.0283233369683753,-0.04350578482824452,0.0013365264400915042,-0.014309356785535021
1917,5,1917.375,8.86,0.6142,12.8,4.343333333333334,9.138988813373578,0.026092927012791423,0.0103068819818255,0.0013632938981070126,-0.014042295238786862
1917,6,1917.4583333333333,9.04,0.625,13.0,4.371666666666667,9.148220259539583,-0.021893436578171,-0.006610521524704982,0.0013900547346366067,0.01703677433986517
1917,7,1917.5416666666667,8.79,0.6358,12.8,4.4,9.003472377228805,-0.023551384148653765,-0.03857367054636662,0.0014168089668331208,-0.013989603478810397
1917,8,1917.625,8.53,0.6467,13.0,4.428333333333334,8.57268046675378,-0.041747753028526735,-0.06336246536622914,0.001443556611790658,-0.021145395792986577
1917,9,1917.7083333333333,8.12,0.6575,13.3,4.456666666666667,7.950823264217066,-0.04743944991789817,-0.06155145806726259,0.001470297686558248,-0.013366299316205588
1917,10,1917.7916666666667,7.68,0.6683,13.5,4.485,7.387133711108147,-0.07608181423611116,-0.07608181423611116,0.0014970322081328488,0.001497032208132909
1917,11,1917.875,7.04,0.6792,13.5,4.513333333333334,6.753013604774308,-0.026051136363636318,-0.04026936794956859,0.0015237601934561325,-0.013097024626886222
1917,12,1917.9583333333333,6.8,0.69,13.7,4.541666666666667,6.412593898119818,0.06875000000000009,0.045848214285714395,0.001550481659424027,-0.019911314376135136
1918,1,1918.0416666666667,7.21,0.68,14.0,4.57,6.640646028655352,0.03837263060564022,0.031008285707727845,0.0042684557681870496,-0.0028540155493177455
1918,2,1918.125,7.43,0.67,14.1,4.564166666666667,6.784343551630282,-0.012673844773440912,-0.005621515093251261,0.004263726444599943,0.011437038776346942
1918,3,1918.2083333333333,7.28,0.66,14.0,4.558333333333334,6.686355760455894,-0.002060439560439664,-0.01611592632719394,0.004258997177819397,-0.009885495740178163
1918,4,1918.2916666666667,7.21,0.65,14.2,4.5525,6.520727730547159,0.039412852519648656,0.01790775901924202,0.004254267967876273,-0.016523406541803953
1918,5,1918.375,7.44,0.64,14.5,4.546666666666667,6.5823632316210805,0.008512544802867339,-0.005208714310096729,0.004249538814802103,-0.009413720216691734
1918,6,1918.4583333333333,7.45,0.63,14.7,4.5408333333333335,6.496291318641057,0.015100671140939603,-0.011789412862793891,0.0042448097186239785,-0.02235770179710106
1918,7,1918.5416666666667,7.51,0.62,15.1,4.535,6.371324093848989,0.01620062139369738,-0.0035954946074785443,0.00424008067937387,-0.015323037775419213
1918,8,1918.625,7.58,0.61,15.4,4.529166666666667,6.303073760914594,0.0014291996481969882,-0.017706390153997775,0.004235351697083976,-0.014953858844898527
1918,9,1918.7083333333333,7.54,0.6,15.7,4.523333333333333,6.149170562431681,0.049071618037135334,0.029401525198939016,0.004230622771780943,-0.014598701405189929
1918,10,1918.7916666666667,7.86,0.59,16.0,4.5175,6.290515321191322,0.03170059372349443,0.01271223923778586,0.004225893903496964,-0.01425679126037116
1918,11,1918.875,8.06,0.58,16.3,4.511666666666667,6.3333274953541565,-0.013854425144747773,-0.025807704839962975,0.004221165092262462,-0.007951212666431506
1918,12,1918.9583333333333,7.9,0.57,16.5,4.505833333333333,6.134580411283435,-0.00031645569620253333,-0.0003164556962024223,0.0042164363381096345,0.0042164363381096415
1919,1,1919.0416666666667,7.85,0.5667,16.5,4.5,6.098467639950106,0.009837579617834491,0.028538275536683422,0.0006568115690107311,0.019187493264733124
1919,2,1919.125,7.88,0.5633,16.2,4.539166666666667,6.2396927713649815,0.03641391708967845,0.023774722978828766,0.0006953927545472519,-0.01150820959611798
1919,3,1919.2083333333333,8.12,0.56,16.4,4.578333333333333,6.3560740048691455,0.038998357963875296,0.020333716802847457,0.0007339567765029934,-0.017243299932056977
1919,4,1919.2916666666667,8.39,0.5567,16.7,4.6175,6.456139555819275,0.0746593166468017,0.061941454911336624,0.0007725036961145279,-0.011070957886087918
1919,5,1919.375,8.97,0.5533,16.9,4.656666666666666,6.829002261482033,0.03189613526570034,0.03189613526570034,0.0008110335743587455,0.0008110335743587438
1919,6,1919.4583333333333,9.21,0.55,16.9,4.695833333333333,7.021615214784134,0.0375497647484615,0.007735116336149206,0.000849546471967842,-0.02791049796688183
1919,7,1919.5416666666667,9.51,0.5467,17.4,4.734999999999999,7.052837165446312,-0.06250701016473881,-0.07839672185686186,0.000888042449418998,-0.016076161659893118
1919,8,1919.625,8.87,0.5433,17.7,4.774166666666666,6.4791311017052795,0.02088782412626844,0.015152499271626318,0.0009265215669398124,-0.004696661138492431
1919,9,1919.7083333333333,9.01,0.54,17.8,4.813333333333333,6.558481672061264,0.05604883462819088,0.03854526278352477,0.000964983884515525,-0.01562559595887425
1919,10,1919.7916666666667,9.47,0.5367,18.1,4.852499999999999,6.794704199949302,-0.024844244984160713,-0.04592869374125974,0.0010034294618774678,-0.020639887931892753
1919,11,1919.875,9.19,0.5333,18.5,4.891666666666667,6.467022574133132,-0.024543888284367155,-0.04518846207729055,0.0010418583585179398,-0.020144212717852827
1919,12,1919.9583333333333,8.92,0.53,18.9,4.930833333333333,6.160717033799176,-0.005138266068759223,-0.02575716210878498,0.0010802706336783298,-0.019667506996035256
1920,1,1920.0416666666667,8.83,0.5283,19.3,4.97,5.9896677711394375,-0.07768686296715754,-0.08714648488544319,0.0033687426467769567,-0.006922218816266867
1920,2,1920.125,8.1,0.5267,19.5,4.9799999999999995,5.455347649907771,0.07578909465020578,0.06486737795324937,0.0033774513811761905,-0.006809121729292489
1920,3,1920.2083333333333,8.67,0.525,19.7,4.99,5.798822727557157,-0.003027681660899728,-0.0324948437792969,0.0033861598404145293,-0.026270573947972164
1920,4,1920.2916666666667,8.6,0.5233,20.3,5.0,5.599858725506185,-0.05771996124030998,-0.07144248607661619,0.0033948680247415522,-0.011217678596978087
1920,5,1920.375,8.06,0.5217,20.6,5.01,5.188950462047495,-0.011975806451613003,-0.02615797190924518,0.0034035759344063932,-0.01099934620819254
1920,6,1920.4583333333333,7.92,0.52,20.9,5.02,5.043639680451618,0.004208754208754106,0.009036680911680861,0.0034122835696582974,0.008236381086820233
1920,7,1920.5416666666667,7.91,0.5183,20.8,5.029999999999999,5.080592919540795,-0.033730509903076245,-0.00993076876768395,0.003420990930745954,0.02813579366303043
1920,8,1920.625,7.6,0.5167,20.3,5.039999999999999,5.0207010779228565,0.0411918859649123,0.056809764254385886,0.003429698017917833,0.018481143488186635
1920,9,1920.7083333333333,7.87,0.515,20.0,5.05,5.297162770108058,0.006723845828038977,0.011782759626169925,0.0034384048314224005,0.008480808875801493
1920,10,1920.7916666666667,7.88,0.5133,19.9,5.0600000000000005,5.351177393424155,-0.045333121827411116,-0.04051157193765065,0.0034471113715072374,0.008515026075403664
1920,11,1920.875,7.48,0.5117,19.8,5.069999999999999,5.126407930947925,-0.08387143493761151,-0.06498218617343843,0.003455817638420365,0.024145628311377454
1920,12,1920.9583333333333,6.81,0.51,19.4,5.079999999999999,4.784241045083248,0.05029368575624105,0.07240513177216168,0.003464523632409033,0.024590092550986098
1921,1,1921.0416666666667,7.11,0.5058,19.0,5.09,5.122184146887374,-0.0011040787623066706,0.03146861432153125,0.009319181481413277,0.042231763486242135
1921,2,1921.125,7.06,0.5017,18.4,5.024166666666666,5.274857191205047,-0.019573890462700638,-0.014216370738453277,0.00928058292112393,0.014795777363315832
1921,3,1921.2083333333333,6.88,0.4975,18.3,4.958333333333333,5.192348158684177,0.01038638565891481,0.021550876108184625,0.009242063096932006,0.020393909098003205
1921,4,1921.2916666666667,6.91,0.4933,18.1,4.8925,5.297085922739674,0.036339845634346446,0.05975995514020749,0.00920362248103467,0.032010484006029793
1921,5,1921.375,7.12,0.4892,17.7,4.826666666666666,5.609469225330775,-0.07433052434456933,-0.06907103868743625,0.009165261548904697,0.01489915508043227
1921,6,1921.4583333333333,6.55,0.485,17.6,4.760833333333333,5.21611096098932,0.003117048346056084,-0.0025502796107012005,0.00912698077932177,0.003425698402037547
1921,7,1921.5416666666667,6.53,0.4808,17.7,4.695,5.197779361905469,-0.006115364982133831,-0.006115364982133831,0.009088780654401787,0.009088780654401774
1921,8,1921.625,6.45,0.4767,17.7,4.629166666666666,5.16129482321573,0.030965116279069838,0.042747574750830575,0.009050661659612642,0.02058266922143659
1921,9,1921.7083333333333,6.61,0.4725,17.5,4.5633333333333335,5.3775244254582555,0.01957261724659598,0.01957261724659598,0.009012624283813954,0.009012624283813997
1921,10,1921.7916666666667,6.7,0.4683,17.5,4.4975,5.4792576780533455,0.05955597014925362,0.06564537227654843,0.008974669019269504,0.014773374013633322
1921,11,1921.875,7.06,0.4642,17.4,4.431666666666667,5.83819699320089,0.040889990557129385,0.04690669570485828,0.008936796361681884,0.014768800964928497
1921,12,1921.9583333333333,7.31,0.46,17.3,4.365833333333333,6.11415884941727,0.003875968992248069,0.02763634695656192,0.008899006810222689,0.03277827324360083
1922,1,1922.0416666666667,7.3,0.4642,16.9,4.3,6.287087290347128,0.02721689497716895,0.02721689497716895,0.003183876660110502,0.0031838766601104407
1922,2,1922.125,7.46,0.4683,16.9,4.305,6.4613058726969825,0.04276474530831087,0.05525294585092544,0.003188141986496119,0.015202371231843204
1922,3,1922.2083333333333,7.74,0.4725,16.7,4.3100000000000005,6.82138724903604,0.06581072351421202,0.06581072351421202,0.0031924072762847884,0.003192407276284781
1922,4,1922.2916666666667,8.21,0.4767,16.7,4.3149999999999995,7.273253390209859,0.043815468940316515,0.043815468940316515,0.003196672529496604,0.0031966725294965137
1922,5,1922.375,8.53,0.4808,16.7,4.32,7.593467258919378,-0.004681516217272419,-0.004681516217272419,0.0032009377461452242,0.0032009377461452715
1922,6,1922.4583333333333,8.45,0.485,16.7,4.325,7.557987351755127,0.011883629191321576,0.005860512350897018,0.0032052029262502977,-0.002766256614977536
1922,7,1922.5416666666667,8.51,0.4892,16.8,4.33,7.602095045774032,0.04239326282804545,0.05495221780187731,0.0032094680698253695,0.015296329130907615
1922,8,1922.625,8.83,0.4933,16.6,4.335,8.020030689895775,0.030703095507738754,0.030703095507738754,0.00321373317688887,0.003213733176888889
1922,9,1922.7083333333333,9.06,0.4975,16.6,4.34,8.265083002284303,0.026651030169241974,0.020503419210144758,0.0032179982474594515,-0.002789295155219862
1922,10,1922.7916666666667,9.26,0.5017,16.7,4.345,8.432151998761896,-0.045161087113030796,-0.05084465207069144,0.0032222632815501018,-0.002749297809411466
1922,11,1922.875,8.8,0.5058,16.8,4.35,7.998253772269837,0.0025170454545453413,-0.0034150080688543083,0.0032265282791809173,-0.0027097233674412413
1922,12,1922.9583333333333,8.78,0.51,16.9,4.3549999999999995,7.964679864939999,0.018507972665148253,0.024570520121488304,0.0032307932403654424,0.009202405104891342
1923,1,1923.0416666666667,8.9,0.5117,16.8,4.36,8.154200483069156,0.047487827715355646,0.047487827715355646,0.005627659650873041,0.005627659650873085
1923,2,1923.125,9.28,0.5133,16.8,4.335,8.533360579065967,0.020773168103448425,0.020773168103448425,0.005609290067523068,0.005609290067523087
1923,3,1923.2083333333333,9.43,0.515,16.8,4.31,8.700737500978533,-0.030443619653587883,-0.03618063965563756,0.00559092505858217,-0.0003593171015277008
1923,4,1923.2916666666667,9.1,0.5167,16.9,4.285,8.372809668463814,-0.04252106227106234,-0.04252106227106245,0.005572564634546173,0.00557256463454614
1923,5,1923.375,8.67,0.5183,16.9,4.26,8.00049786759821,-0.03308054594386767,-0.0387683074383155,0.005554208805933327,-0.0003608159517486387
1923,6,1923.4583333333333,8.34,0.52,17.0,4.234999999999999,7.671825282673079,-0.028377298161470832,-0.039675236554942095,0.00553585758329031,-0.0061564198304689954
1923,7,1923.5416666666667,8.06,0.5217,17.2,4.21,7.34598511949065,0.010356699751860932,0.016265218463859865,0.0055175109771971025,0.011397730339636647
1923,8,1923.625,8.1,0.5233,17.1,4.185,7.44178317421737,0.01155658436213991,0.005675441429802142,0.005499168998254112,-0.0003467564028982739
1923,9,1923.7083333333333,8.15,0.525,17.2,4.16,7.458183867189794,-0.00935582822085912,-0.015082095109756,0.005480831657097944,-0.00033119627155586695
1923,10,1923.7916666666667,8.03,0.5267,17.3,4.135,7.317400395621481,0.035353881278539,0.035353881278539,0.005462498964386961,0.005462498964386997
1923,11,1923.875,8.27,0.5283,17.3,4.109999999999999,7.546327911916236,0.03918077388149954,0.03918077388149954,0.005444170930808833,0.005444170930808845
1923,12,1923.9583333333333,8.55,0.53,17.3,4.085,7.809739144938745,0.037914230019493234,0.037914230019493234,0.0054258475670847656,0.005425847567084752
1924,1,1924.0416666666667,8.83,0.5317,17.3,4.06,8.07224944603738,0.009547942619856364,0.015417407402529948,0.004732237875438678,0.010573704374714499
1924,2,1924.125,8.87,0.5333,17.2,4.043333333333333,8.16206622085036,-0.01415539270950783,-0.008390219567458224,0.00471946765068045,0.010595020093081997
1924,3,1924.2083333333333,8.7,0.535,17.1,4.026666666666666,8.058077044116095,-0.01786398467432937,-0.012086713995942966,0.004706698817024568,0.010616738221830735
1924,4,1924.2916666666667,8.5,0.5367,17.0,4.01,7.923620348327982,0.0017323529411765737,0.0017323529411765737,0.004693931376605322,0.0046939313766052315
1924,5,1924.375,8.47,0.5383,17.0,3.993333333333333,7.899698330665295,0.024186343959071266,0.024186343959071266,0.004681165331561892,0.004681165331561932
1924,6,1924.4583333333333,8.63,0.54,17.0,3.9766666666666666,8.051676946396649,0.05156431054461175,0.04541481165253791,0.004668400684036561,-0.0012068531211334443
1924,7,1924.5416666666667,9.03,0.5417,17.1,3.96,8.377712139971836,0.03932908822443704,0.04544278874340435,0.004655637436175837,0.010565376479918287
1924,8,1924.625,9.34,0.5433,17.0,3.943333333333333,8.717418308548332,-0.00478854389721628,-0.010608493932905083,0.004642875590131556,-0.0012322289454832491
1924,9,1924.7083333333333,9.25,0.545,17.1,3.9266666666666667,8.581670375209054,-0.008063063063063036,-0.013830138277812543,0.004630115148053993,-0.0012107576144345655
1924,10,1924.7916666666667,9.13,0.5467,17.2,3.91,8.419491035872428,0.06084976268711206,0.06084976268711206,0.004617356112102759,0.004617356112102788
1924,11,1924.875,9.64,0.5483,17.2,3.8933333333333335,8.888327361250973,0.05868170816044249,0.05256216071442821,0.0046045984844394535,-0.0012023645125806004
1924,12,1924.9583333333333,10.16,0.55,17.3,3.876666666666667,9.310639680416376,0.04584973753280841,0.04584973753280841,0.004591842267229682,0.004591842267229751
1925,1,1925.0416666666667,10.58,0.5542,17.3,3.86,9.692618852254997,0.012871770636420976,0.018760560000586235,0.004442743258189739,0.010282526649225687
1925,2,1925.125,10.67,0.5583,17.2,3.845,9.830804722819575,-0.021881443298968906,-0.027535307788570274,0.004431162840435869,-0.0013747976384107519
1925,3,1925.2083333333333,10.39,0.5625,17.3,3.83,9.518537538810032,-0.006075553416747037,-0.0002969229133560347,0.004419583455337292,0.010259232196356827
1925,4,1925.2916666666667,10.28,0.5667,17.2,3.815,9.476566787903069,0.03669503891050585,0.03070258203819054,0.004408005104322644,-0.0013978215147774087
1925,5,1925.375,10.61,0.5708,17.3,3.8,9.72900769402133,0.022390826264530483,0.01070635967865008,0.004396427788828332,-0.007082388528758088
1925,6,1925.4583333333333,10.8,0.575,17.5,3.785,9.796386180450611,0.032214506172839386,0.02055106542512375,0.004384851510285212,-0.006964129862712332
1925,7,1925.5416666666667,11.1,0.5792,17.7,3.77,9.963993891787798,0.017861861861862005,0.017861861861862005,0.004373276270134131,0.004373276270134063
1925,8,1925.625,11.25,0.5833,17.7,3.7550000000000003,10.11091845848894,0.02743185185185193,0.02743185185185193,0.004361702069810831,0.004361702069810791
1925,9,1925.7083333333333,11.51,0.5875,17.7,3.74,10.3592476113485,0.037268317405154905,0.037268317405154905,0.004350128910760819,0.004350128910760809
1925,10,1925.7916666666667,11.89,0.5917,17.7,3.725,10.718495997022927,0.03526562938043165,0.018011202224091027,0.004338556794426499,-0.012400419152147402
1925,11,1925.875,12.26,0.5958,18.0,3.71,10.88631744030793,0.020362969004894094,0.02606332078704443,0.004326985722252048,0.009937751005616668
1925,12,1925.9583333333333,12.46,0.6,17.9,3.6950000000000003,11.14736523913725,0.019261637239165408,0.019261637239165408,0.004315415695689863,0.004315415695689939
1926,1,1926.0416666666667,12.65,0.6075,17.9,3.68,11.340966188506233,0.0055830039525690545,0.0055830039525690545,0.005405127173253038,0.005405127173253144
1926,2,1926.125,12.67,0.615,17.9,3.651666666666667,11.389435672748007,-0.06383188634569847,-0.0585725149206745,0.005384846588960039,0.011033076064178804
1926,3,1926.2083333333333,11.81,0.6225,17.8,3.6233333333333335,10.712352062732482,-0.02354995766299739,-0.02900498583247768,0.005364573098287842,-0.0002519887625962447
1926,4,1926.2916666666667,11.48,0.63,17.9,3.595,10.395587685954728,0.011541811846689898,0.017224631014367775,0.005344306719861105,0.010992308443006138
1926,5,1926.375,11.56,0.6375,17.8,3.566666666666667,10.575158463806096,0.05217344290657433,0.05811792563486007,0.005324047472366878,0.011003844350741865
1926,6,1926.4583333333333,12.11,0.645,17.7,3.5383333333333336,11.197979740229954,0.046552436003303166,0.05851303527191232,0.005303795374542177,0.016792981607394175
1926,7,1926.5416666666667,12.62,0.6525,17.5,3.51,11.869694058481278,0.04392828843106189,0.04992787629560835,0.00528355044518174,0.01106104211440706
1926,8,1926.625,13.12,0.66,17.4,3.4816666666666665,12.488808219521875,0.019435975609756184,0.01361062717770034,0.005263312703143374,-0.00048104908373192146
1926,9,1926.7083333333333,13.32,0.6675,17.5,3.453333333333333,12.692614823344718,-0.018346471471471615,-0.023924048338111126,0.00524308216733551,-0.0004685262540699009
1926,10,1926.7916666666667,13.02,0.675,17.6,3.425,12.426517521583348,0.017377112135176676,0.011629218846277656,0.005222858856724974,-0.0004563663345558133
1926,11,1926.875,13.19,0.6825,17.7,3.3966666666666665,12.615251212344482,0.027056482183472452,0.027056482183472452,0.005202642790341213,0.0052026427903411054
1926,12,1926.9583333333333,13.49,0.69,17.7,3.3683333333333327,13.009052728993133,-0.002409191994069748,0.008991845811712418,0.005182433987264519,0.016670233232833453
1927,1,1927.0416666666667,13.4,0.6967,17.5,3.34,13.185930628677792,0.02373569651741292,0.029619235003145228,0.0028532036192405476,0.008616727777972066
1927,2,1927.125,13.66,0.7033,17.4,3.339166666666666,13.633966132216212,0.019663860419716794,0.025557871173587987,0.0028525121213946233,0.008649347451576084
1927,3,1927.2083333333333,13.87,0.71,17.3,3.3383333333333334,14.033257507604494,0.028779139629896644,0.028779139629896644,0.0028518206237338854,0.0028518206237337917
1927,4,1927.2916666666667,14.21,0.7167,17.3,3.3375,14.488222209157056,0.03868578465869099,0.032716326126169815,0.002851129126256778,-0.0029123831101008912
1927,5,1927.375,14.7,0.7233,17.4,3.336666666666667,15.002347055737118,0.017025510204081717,0.005468402133580463,0.002850437628966854,-0.008545590071362463
1927,6,1927.4583333333333,14.89,0.73,17.6,3.3358333333333334,15.12033348174753,0.026248041190955806,0.044044249997735374,0.0028497461318623372,0.02024020415727046
1927,7,1927.5416666666667,15.22,0.7367,17.3,3.335,15.820802594477753,0.05725306614104242,0.0633998862930254,0.002849054634943227,0.008679572394448831
1927,8,1927.625,16.03,0.7433,17.2,3.3341666666666665,16.86286185276381,0.0606326679143272,0.05450184324430207,0.0028483631382075266,-0.002948448209412202
1927,9,1927.7083333333333,16.94,0.75,17.3,3.3333333333333335,17.818723713516423,-0.011658795749704964,-0.017338917613212268,0.0028476716416590097,-0.002915820724097573
1927,10,1927.7916666666667,16.68,0.7567,17.4,3.3325,17.53723785226109,0.026562250199840154,0.032496136039145584,0.0028469801452961217,0.008643783498736957
1927,11,1927.875,17.06,0.7633,17.3,3.3316666666666666,18.13130143495243,0.027175166080500412,0.027175166080500412,0.0028462886491184194,0.0028462886491185113
1927,12,1927.9583333333333,17.46,0.77,17.3,3.3308333333333335,18.646624021402527,0.007684230622374777,0.007684230622374777,0.002845597153124348,0.0028455971531242685
1928,1,1928.0416666666667,17.53,0.7767,17.3,3.33,18.80612857170077,-0.008287221905305286,0.0033117579554513554,0.0008897745307072939,0.012596087683113044
1928,2,1928.125,17.32,0.7833,17.1,3.3525,18.86885051958404,0.057463914549653605,0.057463914549653605,0.0009106685530645025,0.000910668553064431
1928,3,1928.2083333333333,18.25,0.79,17.1,3.375,19.94341779906454,0.0666210045662099,0.0666210045662099,0.0009315589402888506,0.0009315589402889568
1928,4,1928.2916666666667,19.4,0.7967,17.1,3.3975,21.257909249487497,0.03435008591065314,0.028336422620474977,0.0009524456999704871,-0.004867045263401315
1928,5,1928.375,20.0,0.8033,17.2,3.42,21.83273217874003,-0.04565291666666682,-0.040071939571150295,0.0009733288396751392,0.006826974037567712
1928,6,1928.4583333333333,19.02,0.81,17.1,3.4425,20.913421576866707,0.010909568874868603,0.010909568874868603,0.0009942083669514344,0.0009942083669514101
1928,7,1928.5416666666667,19.16,0.8167,17.1,3.465,21.081905435296793,0.03591118649965219,0.03591118649965219,0.0010150842893342353,0.0010150842893341672
1928,8,1928.625,19.78,0.8233,17.1,3.4875,21.76213150257924,0.07374157398045167,0.06132837659339452,0.0010359566143355319,-0.010536713404327047
1928,9,1928.7083333333333,21.17,0.83,17.3,3.51,23.004649446159235,0.023578963942686215,0.029530004430725176,0.0010568253494486648,0.006876923171247773
1928,10,1928.7916666666667,21.6,0.8367,17.2,3.5324999999999998,23.578344239585043,0.07082060185185157,0.07082060185185157,0.0010776905021549813,0.0010776905021550043
1928,11,1928.875,23.06,0.8433,17.2,3.555,25.121984571109593,0.006950346921075434,0.01283894544108155,0.0010985520799100743,0.006952929577453304
1928,12,1928.9583333333333,23.15,0.85,17.1,3.5775,25.301591027426145,0.07692584593232543,0.07692584593232543,0.0011194100901590989,0.0011194100901590343
1929,1,1929.0416666666667,24.86,0.86,17.1,3.6,27.083199620832772,0.008112094395280156,0.008112094395280156,0.005140447265005952,0.005140447265005843
1929,2,1929.125,24.99,0.87,17.1,3.5741666666666667,27.13167279824738,0.020508203281312642,0.026511192712379117,0.005121704108832809,0.01103418472123785
1929,3,1929.2083333333333,25.43,0.88,17.0,3.5483333333333333,27.67574843786188,-0.003014811901952963,0.0028845087376805356,0.005102966366830332,0.011050321197403346
1929,4,1929.2916666666667,25.28,0.89,16.9,3.5225,27.5684544728983,0.017965453586497926,0.011977421506577102,0.005084234051974366,-0.00082802614833144
1929,5,1929.375,25.66,0.9,17.0,3.4966666666666666,27.698586875008132,0.0220187061574435,0.016041988577575328,0.00506550717727184,-0.0008120688880924876
1929,6,1929.4583333333333,26.15,0.91,17.1,3.470833333333333,27.935467830288687,0.09200127469725938,0.07937698250422764,0.005046785755770536,-0.006572252229845255
1929,7,1929.5416666666667,28.48,0.92,17.3,3.4450000000000003,29.933289406842214,0.05957397003745335,0.05957397003745335,0.005028069800555101,0.005028069800555146
1929,8,1929.625,30.1,0.93,17.3,3.4191666666666665,31.480313247173004,0.04244186046511622,0.04244186046511622,0.005009359324740155,0.005009359324740226
1929,9,1929.7083333333333,31.3,0.94,17.3,3.3933333333333335,32.5637885987767,-0.103248136315229,-0.103248136315229,0.004990654341484506,0.004990654341484602
1929,10,1929.7916666666667,27.99,0.95,17.3,3.3674999999999997,28.96106716435479,-0.2619090151244493,-0.2619090151244493,0.00497195486397627,0.004971954863976169
1929,11,1929.875,20.58,0.96,17.3,3.341666666666667,21.17103600009704,0.0437317784256559,0.04979998643975869,0.004953260905445088,0.010796012422337409
1929,12,1929.9583333333333,21.4,0.97,17.2,3.315833333333333,22.007373176418334,0.01826323987538947,0.024217995664134406,0.004934572479157457,0.010811382844532424
1930,1,1930.0416666666667,21.71,0.9708,17.1,3.29,22.310724294336847,0.06637033625057565,0.07264310293440257,0.0023915183279482853,0.008287939023995383
1930,2,1930.125,23.07,0.9717,17.0,3.2941666666666665,23.69711774933588,0.041221283051582125,0.047382355732360715,0.0023950644518553905,0.008326396194173968
1930,3,1930.2083333333333,23.94,0.9725,16.9,3.2983333333333333,24.58660779266885,0.06687726260094684,0.06060151399741187,0.002398610552511983,-0.003497851862502732
1930,4,1930.2916666666667,25.46,0.9733,17.0,3.3024999999999998,25.843436862018308,-0.0565157763812516,-0.05093302949593337,0.0024021566299289427,0.008333530337798711
1930,5,1930.375,23.94,0.9742,16.9,3.3066666666666666,24.309760633908166,-0.09769493177387922,-0.09232406827253337,0.0024057026841114884,0.008372403295326514
1930,6,1930.4583333333333,21.52,0.975,16.8,3.310833333333333,21.866899333389473,-0.01759990706319703,-0.005763761365163322,0.00240924871507061,0.014486468579107736
1930,7,1930.5416666666667,21.06,0.9758,16.6,3.3150000000000004,21.548797592546645,-0.008959322570433637,-0.002953015434496886,0.002412794722815192,0.008488023781741294
1930,8,1930.625,20.79,0.9767,16.5,3.319166666666667,21.300602241118145,0.003433942600609363,-0.0026108401861414388,0.002416340707356,-0.003622311947507617
1930,9,1930.7083333333333,20.78,0.9775,16.6,3.3233333333333333,21.07258178844731,-0.13371230349695218,-0.1284620750332972,0.0024198866686984764,0.00849515870911488
1930,10,1930.7916666666667,17.92,0.9783,16.5,3.3275,18.214870154658627,-0.0679952566964287,-0.062312300944577514,0.002423432606853501,0.008535770610553994
1930,11,1930.875,16.62,0.9792,16.4,3.3316666666666666,16.93971137777516,-0.06187725631768959,-0.04439670829876474,0.0024269785218298447,0.02110574209677063
1930,12,1930.9583333333333,15.51,0.98,16.1,3.3358333333333325,16.05500185653132,0.03556845046206747,0.04859446870687334,0.0024305244136366097,0.015039713399971788
1931,1,1931.0416666666667,15.98,0.9667,15.9,3.34,16.705478731547604,0.08138662911973293,0.09516225496839215,0.0004112460985484525,0.013155338405536288
1931,2,1931.125,17.2,0.9533,15.7,3.3683333333333327,18.161492436976086,0.0238047480620156,0.030367599011130952,0.00043825225438569185,0.006851317973965099
1931,3,1931.2083333333333,17.53,0.94,15.6,3.3966666666666665,18.579561032791283,-0.09079672941623895,-0.0849309018640857,0.0004652511659995998,0.0069198656896511945
1931,4,1931.2916666666667,15.86,0.9267,15.5,3.425,16.87231533160966,-0.0915999369482976,-0.07972542632017077,0.0004922428524126252,0.013570572824339378
1931,5,1931.375,14.33,0.9133,15.3,3.453333333333333,15.401539999110106,-0.026789369620842107,-0.013899162595952474,0.0005192273325949279,0.013771137628390884
1931,6,1931.4583333333333,13.87,0.9,15.1,3.4816666666666665,15.062476074643241,0.03857245854361935,0.03857245854361935,0.0005462046254593781,0.0005462046254594011
1931,7,1931.5416666666667,14.33,0.8867,15.1,3.51,15.516750095516311,-0.02485054663875319,-0.02485054663875319,0.0005731747498556763,0.0005731747498556317
1931,8,1931.625,13.9,0.8733,15.1,3.5383333333333336,15.006276602886537,-0.14368525179856118,-0.13797648681055152,0.0006001377245820074,0.007270805309412598
1931,9,1931.7083333333333,11.83,0.86,15.0,3.566666666666667,12.81774526110688,-0.12750070442378125,-0.12164500445347115,0.0006270935683800453,0.007342711646020295
1931,10,1931.7916666666667,10.25,0.8467,14.9,3.595,11.145926407660927,0.020542276422764294,0.03442720535368626,0.0006540422999288501,0.01426838301149247
1931,11,1931.875,10.39,0.8333,14.7,3.6233333333333335,11.415600295644674,-0.18099695219762602,-0.17538734228117137,0.0006809839378566305,0.007534963279896667
1931,12,1931.9583333333333,8.44,0.82,14.6,3.651666666666667,9.306032867968314,-0.008491311216429542,0.012309570366442424,0.0007079185007353092,0.02170179091683444
1932,1,1932.0416666666667,8.3,0.7933,14.3,3.68,9.312406455177843,-0.00046887550200802597,0.013708870944772134,0.0056117814135571206,0.01987577831304055
1932,2,1932.125,8.23,0.7667,14.1,3.649166666666667,9.3369322510084,0.011408464965573017,0.018632811143898476,0.005590032276421082,0.012772818221252757
1932,3,1932.2083333333333,8.26,0.74,14.0,3.6183333333333336,9.413065028012209,-0.2322437449556093,-0.22672031866032583,0.005568292285413787,0.012802596546459988
1932,4,1932.2916666666667,6.28,0.7133,13.9,3.5875000000000004,7.192233196115484,-0.11314623142250546,-0.10019946107830846,0.005546561466679433,0.020226073312908266
1932,5,1932.375,5.51,0.6867,13.7,3.5566666666666666,6.390857289881442,-0.12391560798548096,-0.11747381098537424,0.005524839846442154,0.012918404845313258
1932,6,1932.4583333333333,4.77,0.66,13.6,3.525833333333334,5.565059371528964,0.06184486373165621,0.06184486373165621,0.005503127451015791,0.005503127451015777
1932,7,1932.5416666666667,5.01,0.6333,13.6,3.495,5.838763671851199,0.5135279441117764,0.5247392622163078,0.0054814243068001135,0.012929434857220867
1932,8,1932.625,7.53,0.6067,13.5,3.464166666666667,8.83465320518121,0.10365980522355023,0.11189607242671107,0.0054597304402826015,0.01296316126446384
1932,9,1932.7083333333333,8.26,0.58,13.4,3.4333333333333336,9.761168564063706,-0.13216303470540758,-0.1256379447407866,0.005438045878038663,0.01299773043351271
1932,10,1932.7916666666667,7.12,0.5533,13.3,3.4025,8.478606607689082,-0.003355571161048676,0.004194765421064561,0.005416370646730971,0.013033161333448673
1932,11,1932.875,7.05,0.5267,13.2,3.3716666666666666,8.463309567122897,-0.026398345153664127,-0.018966271452547034,0.005394704773111015,0.01306947351183707
1932,12,1932.9583333333333,6.82,0.5,13.1,3.3408333333333338,8.25707399910068,0.045698924731182755,0.06191131116112358,0.005373048284018658,0.020960227327181613
1933,1,1933.0416666666667,7.09,0.495,12.9,3.31,8.728046162813529,-0.11265867418899855,-0.09868479504236849,0.004088897020463915,0.019901320595589356
1933,2,1933.125,6.25,0.49,12.7,3.2941666666666674,7.826051751316596,0.0033333333333334103,0.01129629629629636,0.004076770522727426,0.012045633780844112
1933,3,1933.2083333333333,6.23,0.485,12.6,3.2783333333333333,7.874681322943168,0.11242643124665586,0.11242643124665586,0.004064645303169389,0.004064645303169412
1933,4,1933.2916666666667,6.89,0.48,12.6,3.2624999999999997,8.723101646068113,0.29317851959361385,0.29317851959361363,0.0040525213636696325,0.004052521363669737
1933,5,1933.375,8.87,0.475,12.6,3.2466666666666666,11.249651251932447,0.17582675685832405,0.16656827845786482,0.0040403987061168704,-0.003865431204954972
1933,6,1933.4583333333333,10.39,0.47,12.7,3.2308333333333334,13.098875517269521,0.08461661854347136,0.05149855385512114,0.004028277332402921,-0.026629074647212314
1933,7,1933.5416666666667,11.23,0.465,13.1,3.215,13.754304493874534,-0.04641585040071239,-0.0536399727461615,0.004016157244417163,-0.0035900257650103296
1933,8,1933.625,10.67,0.46,13.2,3.1991666666666667,12.999527050367737,-0.0048422368009996,-0.004842236800999489,0.0040040384440580765,0.004004038444058056
1933,9,1933.7083333333333,10.58,0.455,13.2,3.1833333333333336,12.922920614885996,-0.09376969124133583,-0.09376969124133583,0.003991920933227252,0.003991920933227311
1933,10,1933.7916666666667,9.55,0.45,13.2,3.1675000000000004,11.696253568143696,0.028010471204188203,0.028010471204188203,0.003979804713823837,0.0039798047138237536
1933,11,1933.875,9.78,0.445,13.2,3.151666666666667,12.01176619338994,0.023219154737559755,0.023219154737559755,0.003967689787755637,0.003967689787755635
1933,12,1933.9583333333333,9.97,0.44,13.2,3.1358333333333333,12.281801622601119,0.060849214309595334,0.060849214309595334,0.003955576156934237,0.003955576156934315
1934,1,1934.0416666666667,10.54,0.4408,13.2,3.12,13.02511982833238,0.07748893105629362,0.06938751052203562,0.0049347708407295274,-0.002621129691907753
1934,2,1934.125,11.32,0.4417,13.3,3.0925,13.926922904274301,-0.04798512956419321,-0.04798512956419321,0.004915126748974367,0.00491512674897443
1934,3,1934.2083333333333,10.74,0.4425,13.3,3.065,13.25453762974009,0.020193202979515767,0.020193202979515767,0.004895489488484315,0.004895489488484284
1934,4,1934.2916666666667,10.92,0.4433,13.3,3.0375000000000005,13.518389284490098,-0.09826541514041498,-0.09826541514041498,0.0048758590768086685,0.004875859076808764
1934,5,1934.375,9.81,0.4442,13.3,3.0100000000000002,12.181583235024027,0.01702514441046543,0.009435404526805247,0.004856235531548679,-0.002642691599283764
1934,6,1934.4583333333333,9.94,0.445,13.4,2.9825,12.287726483952428,-0.043552984574111275,-0.043552984574111275,0.004836618870358227,0.004836618870358134
1934,7,1934.5416666666667,9.47,0.4458,13.4,2.955,11.741524229318248,-0.035147835269271455,-0.035147835269271455,0.004817009110944036,0.0048170091109440705
1934,8,1934.625,9.1,0.4467,13.4,2.9275,11.315025981829052,-0.02008516483516476,-0.03449567711700052,0.004797406271063903,-0.009979026174098848
1934,9,1934.7083333333333,8.88,0.4475,13.6,2.9000000000000004,10.909954083288849,0.01208239489489471,0.019579301523745762,0.004777810368529801,0.012220608963852353
1934,10,1934.7916666666667,8.95,0.4483,13.5,2.8724999999999996,11.108352605351731,0.032107076350093244,0.032107076350093244,0.004758221421204106,0.0047582214212040785
1934,11,1934.875,9.2,0.4492,13.5,2.8449999999999998,11.448808690205704,0.010590579710144876,0.018132300454250405,0.004738639447008485,0.012236688995120426
1934,12,1934.9583333333333,9.26,0.45,13.4,2.8175,11.639337566475886,0.004049676025917881,-0.010715760386227902,0.004719064463911233,-0.01005621589585215
1935,1,1935.0416666666667,9.26,0.45,13.6,2.79,11.495907968201596,-0.026187904967602593,-0.033296022449590845,0.0033315438293178633,-0.003992044081845059
1935,2,1935.125,8.98,0.45,13.7,2.7783333333333333,11.087812159055565,-0.05929844097995551,-0.059298440979955624,0.0033224244824441728,0.0033224244824441307
1935,3,1935.2083333333333,8.41,0.45,13.7,2.7666666666666666,10.398272404790031,0.07936979785969078,0.0715482775853451,0.00331330567193055,-0.003957080601054597
1935,4,1935.2916666666667,9.04,0.446667,13.8,2.755,11.104210207149524,0.0826573285398231,0.0826573285398231,0.003304187398359418,0.0033041873983594705
1935,5,1935.375,9.75,0.443333,13.8,2.743333333333333,11.985576683480101,0.04173788888888885,0.049341815085158114,0.003295069662322525,0.010618391338690136
1935,6,1935.4583333333333,10.12,0.44,13.7,2.731666666666667,12.539519324443896,0.05599472990777343,0.05599472990777343,0.003285952464403849,0.003285952464403774
1935,7,1935.5416666666667,10.65,0.44,13.7,2.72,13.202137936511015,0.07104851330203443,0.07104851330203443,0.0032768358051958046,0.003276835805195777
1935,8,1935.625,11.37,0.44,13.7,2.708333333333333,14.105056846668958,0.024333040164174813,0.024333040164174813,0.0032677196852863655,0.0032677196852863855
1935,9,1935.7083333333333,11.61,0.44,13.7,2.6966666666666668,14.418891702707441,0.029859316681022152,0.029859316681022152,0.0032586041052637287,0.003258604105263796
1935,10,1935.7916666666667,11.92,0.45,13.7,2.685,14.826232627114097,0.0971057046979864,0.08915566335959513,0.0032494890657227514,-0.004020434768087111
1935,11,1935.875,13.04,0.46,13.8,2.6733333333333333,16.12960516325115,0.002939672801635984,0.002939672801635984,0.0032403745672516296,0.0032403745672515694
1935,12,1935.9583333333333,13.04,0.47,13.8,2.6616666666666666,16.159192714615337,0.05821830265848682,0.05821830265848682,0.003231260610446331,0.003231260610446318
1936,1,1936.0416666666667,13.76,0.48,13.8,2.65,17.087359845997245,0.06031976744186052,0.06031976744186052,0.001991245904761484,0.0019912459047615183
1936,2,1936.125,14.55,0.49,13.8,2.6525,18.104536459517796,0.024112256586483305,0.031587528532370124,0.0019933571730914664,0.009307177298442548
1936,3,1936.2083333333333,14.86,0.5,13.7,2.6550000000000002,18.66047820392603,0.004149842978914409,0.004149842978914409,0.0019954684360903806,0.0019954684360903308
1936,4,1936.2916666666667,14.88,0.516667,13.7,2.6574999999999998,18.7189996651515,-0.050197877464157825,-0.050197877464157825,0.0019975796937572255,0.0019975796937572454
1936,5,1936.375,14.09,0.533333,13.7,2.66,17.750192519328646,0.045737715874142326,0.03815990633882227,0.0019996909460936684,-0.005261176379602661
1936,6,1936.4583333333333,14.69,0.55,13.8,2.6625,18.39300106583135,0.06234399818470626,0.05470123560783802,0.002001802193098598,-0.005206843865844579
1936,7,1936.5416666666667,15.56,0.57,13.9,2.665,19.360464512319144,0.022975578406169594,0.015668609988982674,0.002003913434777455,-0.00515325737547101
1936,8,1936.625,15.87,0.59,14.0,2.6675000000000004,19.623060162983762,0.014440243646292927,0.014440243646292927,0.002006024671129462,0.002006024671129536
1936,9,1936.7083333333333,16.05,0.61,14.0,2.67,19.86202424328763,0.05550363447559703,0.05550363447559703,0.002008135902153841,0.0020081359021537626
1936,10,1936.7916666666667,16.89,0.646667,14.0,2.6725000000000003,20.913091852533125,0.031017697848825465,0.031017697848825465,0.0020102471278558116,0.002010247127855802
1936,11,1936.875,17.36,0.683333,14.0,2.675,21.49976534102416,-0.014000897657450051,-0.014000897657450051,0.0020123583482347064,0.0020123583482347662
1936,12,1936.9583333333333,17.06,0.72,14.0,2.6774999999999998,21.125663548155444,0.034583821805392656,0.027246347891879186,0.002014469563291636,-0.005092016036448044
1937,1,1937.0416666666667,17.59,0.73,14.1,2.68,21.61874158295351,0.03302065567557322,0.03302065567557322,0.003100901315484818,0.003100901315484794
1937,2,1937.125,18.11,0.74,14.1,2.67,22.244221552805165,0.002300754647524439,-0.004757701371120082,0.003093014558306207,-0.003971020755484722
1937,3,1937.2083333333333,18.09,0.75,14.2,2.66,22.042197016050576,-0.05624654505251514,-0.06284621956263747,0.0030851281422873632,-0.003929453173392994
1937,4,1937.2916666666667,17.01,0.78,14.3,2.6500000000000004,20.556579457432864,-0.04085831863609646,-0.04751902475667913,0.0030772420677482528,-0.003888572113277644
1937,5,1937.375,16.25,0.81,14.4,2.64,19.47417468657211,-0.033384615384615346,-0.033384615384615346,0.00306935633500973,0.0030693563350097097
1937,6,1937.4583333333333,15.64,0.84,14.4,2.63,18.711659960364965,0.0639386189258313,0.056601111209101385,0.0030614709443926497,-0.003856194372465205
1937,7,1937.5416666666667,16.57,0.816667,14.5,2.62,19.646723279607627,0.014366661637497335,0.014366661637497335,0.003053585896218088,0.0030535858962181806
1937,8,1937.625,16.74,0.793333,14.5,2.6100000000000003,19.806982577380964,-0.1376277727996814,-0.14353443189009463,0.00304570119080801,-0.0038244748447454624
1937,9,1937.7083333333333,14.37,0.77,14.6,2.6,16.847882862705806,-0.14097657156112264,-0.14097657156112264,0.00303781682848438,0.003037816828484363
1937,10,1937.7916666666667,12.28,0.78,14.6,2.59,14.361659574753352,-0.08265472312703592,-0.07632820397618789,0.0030299328095693846,0.00994738062204914
1937,11,1937.875,11.2,0.79,14.5,2.58,13.158119166486063,-0.010193452380952261,-0.0033197958002644246,0.003022049134386099,0.009987480031152796
1937,12,1937.9583333333333,11.02,0.8,14.4,2.57,13.008483033706137,0.03236539624924384,0.0469057539428952,0.003014165803256932,0.01714112588499317
1938,1,1938.0416666666667,11.31,0.793333,14.2,2.56,13.511461918562418,-0.018027313586796545,-0.01106296829308595,0.0035887498428477512,0.010706400550952955
1938,2,1938.125,11.04,0.786667,14.1,2.5433333333333334,13.26307623646087,-0.060185182669082016,-0.06018518266908213,0.003576113832663645,0.003576113832663541
1938,3,1938.2083333333333,10.31,0.78,14.1,2.5266666666666664,12.37728623469769,-0.034432589718719764,-0.04123236021365839,0.003563479421826194,-0.003503869024806261
1938,4,1938.2916666666667,9.89,0.766667,14.2,2.51,11.789517720684183,0.015560052241321065,0.022762605803316127,0.003550846612840061,0.010668228503711186
1938,5,1938.375,9.98,0.753333,14.1,2.493333333333333,11.992275930545693,0.029336447895791595,0.029336447895791595,0.0035382154082192357,0.003538215408219303
1938,6,1938.4583333333333,10.21,0.74,14.1,2.4766666666666666,12.288966307788131,0.20486451191642185,0.20486451191642163,0.003525585810480815,0.0035255858104807913
1938,7,1938.5416666666667,12.24,0.713333,14.1,2.46,14.77032801749207,0.010575524237472766,0.010575524237472766,0.0035129578221467822,0.0035129578221468893
1938,8,1938.625,12.31,0.686667,14.1,2.4433333333333334,14.903588512604365,-0.040843034118602795,-0.040843034118602795,0.0035003314457433383,0.0035003314457433543
1938,9,1938.7083333333333,11.75,0.66,14.1,2.4266666666666667,14.282330508639967,0.1161702127659574,0.12414285714285711,0.0034877066838011257,0.010655476017256804
1938,10,1938.7916666666667,13.06,0.61,14.0,2.4099999999999997,16.06114764333344,0.004657988769780408,0.004657988769780408,0.003475083538855449,0.0034750835388555057
1938,11,1938.875,13.07,0.56,14.0,2.393333333333333,16.149571800715517,-0.025503698036215328,-0.025503698036215328,0.003462462013446722,0.0034624620134466877
1938,12,1938.9583333333333,12.69,0.51,14.0,2.3766666666666665,15.756484438994006,-0.01162332545311262,-0.01162332545311262,0.003449842110119131,0.003449842110119228
1939,1,1939.0416666666667,12.5,0.513333,14.0,2.36,15.599634410919288,-0.004577779999999865,0.0025835309352519875,0.003069346186487015,0.010285672418044456
1939,2,1939.125,12.4,0.516667,13.9,2.3474999999999997,15.664696928954772,0.0026657728494623445,0.0026657728494623445,0.003059644809915059,0.003059644809915163
1939,3,1939.2083333333333,12.39,0.52,13.9,2.335,15.729223743214229,-0.12241054613935975,-0.11605120227080434,0.003049944120350665,0.010318421976295067
1939,4,1939.2916666666667,10.83,0.523333,13.8,2.3225,13.916994579812405,0.04096131886734389,0.04096131886734389,0.003040244118606294,0.0030402441186063722
1939,5,1939.375,11.23,0.526667,13.8,2.31,14.502929499657775,0.021717623924013107,0.021717623924013107,0.0030305448054886337,0.0030305448054885886
1939,6,1939.4583333333333,11.43,0.53,13.8,2.2975000000000003,14.833828921489786,0.028361038203557953,0.028361038203557953,0.003020846181812145,0.003020846181812198
1939,7,1939.5416666666667,11.71,0.54,13.8,2.285,15.270952598570258,-0.010674637062340064,-0.010674637062340064,0.0030111482483903985,0.0030111482483903274
1939,8,1939.625,11.54,0.55,13.8,2.2725,15.120082343333989,0.11055748122472564,0.0869285986454762,0.0030014510060396293,-0.0183390053983441
1939,9,1939.7083333333333,12.77,0.56,14.1,2.26,16.452835577060963,0.013834507961367759,0.021076183018234662,0.0029917544555714123,0.010155981273111125
1939,10,1939.7916666666667,12.9,0.58,14.0,2.2475,16.82120480626564,-0.014082687338501265,-0.014082687338501265,0.002982058597804647,0.0029820585978046488
1939,11,1939.875,12.67,0.6,14.0,2.2350000000000003,16.59923850994664,-0.019731649565903675,-0.019731649565903675,0.0029723634335589,0.002972363433559
1939,12,1939.9583333333333,12.37,0.62,14.0,2.2225,16.280412901283842,-0.0014820803018054107,0.005701501854296742,0.0029626689636492965,0.010178227733171896
1940,1,1940.0416666666667,12.3,0.623333,13.9,2.21,16.37848034261367,-0.0022809417344173966,-0.009407506436314383,0.003768854414446224,-0.003400923117085397
1940,2,1940.125,12.22,0.626667,14.0,2.1883333333333335,16.216119847731054,-0.001454807692307769,-0.001454807692307769,0.0037529751417143976,0.0037529751417144652
1940,3,1940.2083333333333,12.15,0.63,14.0,2.166666666666667,16.172906305307897,0.014197530864197505,0.014197530864197505,0.0037370995040124045,0.0037370995040124644
1940,4,1940.2916666666667,12.27,0.636667,14.0,2.145,16.370988707128785,-0.13341030290681866,-0.13341030290681866,0.0037212275087869532,0.003721227508787006
1940,5,1940.375,10.58,0.643333,14.0,2.1233333333333335,14.138747694800731,-0.08094413201008199,-0.08746225873341473,0.0037053591635107345,-0.0034131185610530856
1940,6,1940.4583333333333,9.67,0.65,14.1,2.1016666666666666,12.843765598268808,0.03869355394691487,0.04611279361796439,0.003689494475667982,0.010858705150494252
1940,7,1940.5416666666667,9.99,0.656667,14.0,2.08,13.36988476321006,0.026498723723723527,0.026498723723723527,0.003673633452760696,0.0036736334527607273
1940,8,1940.625,10.2,0.663333,14.0,2.0583333333333336,13.649399392391642,0.0475762500000001,0.0475762500000001,0.003657776102314635,0.0036577761023146582
1940,9,1940.7083333333333,10.63,0.67,14.0,2.0366666666666666,14.214842598620642,0.014659767952336145,0.014659767952336145,0.0036419224318651024,0.003641922431865119
1940,10,1940.7916666666667,10.73,0.67,14.0,2.015,14.328290323104959,0.02850264057160623,0.02850264057160623,0.0036260724489738288,0.0036260724489738383
1940,11,1940.875,10.98,0.67,14.0,1.9933333333333334,14.636689248763613,-0.035898603521554384,-0.04273620207813911,0.003610226161213646,-0.003507576861206285
1940,12,1940.9583333333333,10.53,0.67,14.1,1.9716666666666665,13.908426122353838,0.007201646090535085,0.007201646090535085,0.0035943835761760353,0.00359438357617603
1941,1,1941.0416666666667,10.55,0.673333,14.1,1.95,13.904158267950832,-0.057240655608214897,-0.057240655608214897,-0.002194097114394543,-0.0021940971143946664
1941,2,1941.125,9.89,0.676667,14.1,1.9925,13.002943303402448,0.011768343444556573,0.004643214265369622,-0.0021502004890233102,-0.009177311753185036
1941,3,1941.2083333333333,9.95,0.68,14.2,2.035,12.955719822063331,-0.025460636515912793,-0.03227559709971772,-0.0021063316420465517,-0.009084609043151226
1941,4,1941.2916666666667,9.64,0.683333,14.3,2.0775,12.429370389220786,-0.01587713520055334,-0.022711321761660574,-0.002062490461957684,-0.008992612055971794
1941,5,1941.375,9.43,0.686667,14.4,2.12,12.037206512481578,0.04106280487804881,0.019816625186660053,-0.0020186768377573883,-0.022385642616578605
1941,6,1941.4583333333333,9.76,0.69,14.7,2.1625,12.164306590628442,0.057120901639344135,0.057120901639344135,-0.001974890658965149,-0.001974890658965167
1941,7,1941.5416666666667,10.26,0.693333,14.7,2.205,12.744996277919583,0.000758065302144395,-0.012674928862985047,-0.0019311318156106014,-0.015328029375132668
1941,8,1941.625,10.21,0.696667,14.9,2.2474999999999996,12.46317372038781,0.008624444988573288,-0.004734819183460748,-0.0018874001982252,-0.015107434632685712
1941,9,1941.7083333333333,10.24,0.7,15.1,2.29,12.27972927209308,-0.03434244791666663,-0.04696542245370372,-0.0018436956978533211,-0.014891490525332451
1941,10,1941.7916666666667,9.83,0.703333,15.3,2.3325,11.57781495657408,-0.0408330535774839,-0.047061410372435275,-0.0018000182060335043,-0.008281836269630638
1941,11,1941.875,9.37,0.706667,15.4,2.3750000000000004,10.911668685916966,-0.058816551049448496,-0.06488870233300037,-0.0017563676148119917,-0.008196649114071364
1941,12,1941.9583333333333,8.76,0.71,15.5,2.4175,10.086593309917905,0.026160578386605682,0.013088469107795486,-0.0017127438167247465,-0.014429778927339654
1942,1,1942.0416666666667,8.93,0.703333,15.7,2.46,10.101686431929252,-0.024791592011944585,-0.030963797125793113,0.001976918304058332,-0.0043647077611572715
1942,2,1942.125,8.65,0.696667,15.8,2.4608333333333334,9.680255591749361,-0.04762363198458586,-0.05952833658477852,0.001977615898439088,-0.010547104300291377
1942,3,1942.2083333333333,8.18,0.69,16.0,2.461666666666667,9.003426617760969,-0.03453545232273836,-0.04053212653191396,0.0019783134926207816,-0.004245154293047726
1942,4,1942.2916666666667,7.84,0.68,16.1,2.4625,8.544255707588261,0.018707482993197244,0.006208004674262524,0.001979011086599193,-0.01031520990832846
1942,5,1942.375,7.93,0.67,16.3,2.4633333333333334,8.50611625969605,0.057482135350988006,0.057482135350988006,0.001979708680376654,0.0019797086803765573
1942,6,1942.4583333333333,8.33,0.66,16.3,2.4641666666666664,8.90545692851805,0.043817527010804325,0.037452785992445836,0.001980406273952942,-0.004129230349668389
1942,7,1942.5416666666667,8.64,0.646667,16.4,2.465,9.150488900994741,0.0004501060956789704,-0.0056132278806586555,0.0019811038673281695,-0.004091508883383055
1942,8,1942.625,8.59,0.633333,16.5,2.4658333333333338,9.012823047564297,0.01662139115250305,0.01662139115250305,0.0019818014605043344,0.0019818014605044176
1942,9,1942.7083333333333,8.68,0.62,16.5,2.466666666666667,9.077829839371503,0.07968509984639005,0.06675473936918763,0.0019824990534774386,-0.0100172913543487
1942,10,1942.7916666666667,9.32,0.61,16.7,2.4675000000000002,9.599176749352992,0.02154864091559383,0.015467994243477001,0.001983196646249593,-0.0039809890480734245
1942,11,1942.875,9.47,0.6,16.8,2.4683333333333337,9.661334152171664,0.010559662090813049,0.0045800191198615,0.0019838942388226842,-0.003945004543655539
1942,12,1942.9583333333333,9.52,0.59,16.9,2.4691666666666667,9.61751410328318,0.06503851540616257,0.06503851540616257,0.001984591831192604,0.0019845918311927058
1943,1,1943.0416666666667,10.09,0.59,16.9,2.47,10.150534220432082,0.0643376280145358,0.0643376280145358,0.001985289423361796,0.0019852894233618468
1943,2,1943.125,10.69,0.59,16.9,2.470833333333333,10.708982995221266,0.040146554412223256,0.022004463346893655,0.0019859870153299264,-0.015490512758193353
1943,3,1943.2083333333333,11.07,0.59,17.2,2.4716666666666667,10.850541744036802,0.03786510087323092,0.0259356169551479,0.001986684607096996,-0.009530403721720093
1943,4,1943.2916666666667,11.44,0.59,17.4,2.4725,11.039227142939692,0.04363344988344986,0.03766983016982994,0.001987382198665224,-0.003738259985327397
1943,5,1943.375,11.89,0.59,17.5,2.4733333333333336,11.362215800613695,0.021797028315110545,0.021797028315110545,0.0019880797900305035,0.0019880797900304614
1943,6,1943.4583333333333,12.1,0.59,17.5,2.474166666666667,11.51674478645123,0.024724517906336008,0.030613739273613882,0.001988777381194944,0.007747333573040915
1943,7,1943.5416666666667,12.35,0.593333,17.4,2.475,11.774213341781651,-0.04538911605937912,-0.039871134071283065,0.0019894749721583223,0.007781321648297812
1943,8,1943.625,11.74,0.596667,17.3,2.475833333333333,11.210545904158963,0.025530004258943917,0.019636153659754685,0.001990172562922971,-0.0037683916472085466
1943,9,1943.7083333333333,11.99,0.6,17.4,2.4766666666666666,11.336281939610283,-0.00500417014178467,-0.00500417014178467,0.001990870153484671,0.0019908701534847584
1943,10,1943.7916666666667,11.88,0.603333,17.4,2.4775,11.187335503326027,-0.04206416245791256,-0.04206416245791256,0.001991567743845643,0.001991567743845568
1943,11,1943.875,11.33,0.606667,17.4,2.4783333333333335,10.631033673001417,0.017701287143277344,0.017701287143277344,0.0019922653340057753,0.0019922653340058716
1943,12,1943.9583333333333,11.48,0.61,17.4,2.479166666666667,10.73736031604107,0.03665795586527287,0.03665795586527287,0.001992962923966956,0.001992962923967001
1944,1,1944.0416666666667,11.85,0.613333,17.4,2.48,11.05241276397747,-0.0024378832630098657,-0.0024378832630099767,0.0028701496763541335,0.002870149676354128
1944,2,1944.125,11.77,0.616667,17.4,2.470833333333333,10.94791888772472,0.032403476352308225,0.032403476352308225,0.002862891783829258,0.002862891783829369
1944,3,1944.2083333333333,12.1,0.62,17.4,2.461666666666667,11.224693196180679,-0.01308539944903575,-0.018724911452184134,0.002855634159029336,-0.002874969464736532
1944,4,1944.2916666666667,11.89,0.623333,17.5,2.4525,10.938275188239396,0.0220306490047657,0.0220306490047657,0.0028483768021808522,0.002848376802180752
1944,5,1944.375,12.1,0.626667,17.5,2.4433333333333334,11.103736936792616,0.05142332644628089,0.04544933027329057,0.002841119713517177,-0.0028568411939460248
1944,6,1944.4583333333333,12.67,0.63,17.6,2.4341666666666666,11.5327852725325,0.030189423835832674,0.024369144605121962,0.0028338628932701227,-0.0028318651456749055
1944,7,1944.5416666666667,13.0,0.633333,17.7,2.425,11.73877475018071,-0.010555557692307649,-0.010555557692307649,0.0028266063416730607,0.002826606341673088
1944,8,1944.625,12.81,0.636667,17.7,2.4158333333333335,11.541711674209218,-0.012251710902940416,-0.012251710902940416,0.0028193500589540296,0.002819350058953951
1944,9,1944.7083333333333,12.6,0.64,17.7,2.4066666666666667,11.32856058469647,0.02883597883597888,0.02883597883597888,0.002812094045347286,0.002812094045347324
1944,10,1944.7916666666667,12.91,0.64,17.7,2.3975,11.583105186279123,-0.0028401755744901225,-0.0028401755744901225,0.0028048383010870876,0.0028048383010870204
1944,11,1944.875,12.82,0.64,17.7,2.3883333333333336,11.47845919805548,0.02600104004160153,0.020236989254850846,0.0027975828264023626,-0.002836111459139312
1944,12,1944.9583333333333,13.1,0.64,17.8,2.3791666666666664,11.63868359335513,0.03384223918575069,0.03384223918575069,0.0027903276215275894,0.002790327621527533
1945,1,1945.0416666666667,13.49,0.643333,17.8,2.37,11.960463439806993,0.037332178156659124,0.037332178156659124,0.003297700810227895,0.003297700810227955
1945,2,1945.125,13.94,0.646667,17.8,2.355,12.341753548186317,0.0031484158297465648,0.0031484158297465648,0.0032862303337767517,0.0032862303337768406
1945,3,1945.2083333333333,13.93,0.65,17.8,2.3400000000000003,12.32331031138933,0.029014118210098028,0.029014118210098028,0.0032747610439175442,0.00327476104391744
1945,4,1945.2916666666667,14.28,0.65,17.8,2.325,12.631867236563076,0.041608309990663006,0.0357892691527264,0.003263292942327375,-0.00234152992327219
1945,5,1945.375,14.82,0.65,17.9,2.31,13.036560628785356,0.021873594242015404,0.010582173311164178,0.003251826030686012,-0.007833829505564993
1945,6,1945.4583333333333,15.09,0.65,18.1,2.295,13.130223361406054,-0.016953832560194337,-0.016953832560194337,0.0032403603106821053,0.003240360310682089
1945,7,1945.5416666666667,14.78,0.653333,18.1,2.2800000000000002,12.86702844300916,0.007066604645918018,0.007066604645918018,0.0032288957839989732,0.0032288957839989862
1945,8,1945.625,14.83,0.656667,18.1,2.265,12.915378562256745,0.07179516183411994,0.07179516183411994,0.003217432452330596,0.0032174324523306375
1945,9,1945.7083333333333,15.84,0.66,18.1,2.25,13.79826495171978,0.04513888888888884,0.04513888888888884,0.0032059703173658426,0.0032059703173659138
1945,10,1945.7916666666667,16.5,0.66,18.1,2.2350000000000003,14.374662675391342,0.036060606060605904,0.036060606060605904,0.0031945093808040228,0.0031945093808041225
1945,11,1945.875,17.04,0.66,18.1,2.2199999999999998,14.847702661876786,0.02024647887323927,0.01464072898932045,0.0031830496443417773,-0.0023289451339237877
1945,12,1945.9583333333333,17.33,0.66,18.2,2.205,15.02034747473997,0.04298903635314488,0.04298903635314488,0.0031715911096781924,0.003171591109678129
1946,1,1946.0416666666667,18.02,0.666667,18.2,2.19,15.623163177761676,0.005857690529041948,0.011414915338594511,0.0013804187263582247,0.006912907227608622
1946,2,1946.125,18.07,0.673333,18.1,2.195,15.761666525801909,-0.026778578675521025,-0.03741487836212731,0.001384701111387783,-0.00955939398272565
1946,3,1946.2083333333333,17.53,0.68,18.3,2.2,15.134873415142536,0.06769347784749957,0.06189079590267643,0.0013889834518871847,-0.004053347979916522
1946,4,1946.2916666666667,18.66,0.68,18.4,2.205,16.040842386215918,0.0051804215791355634,-0.00025298610507595853,0.0013932657478735258,-0.004019670823736665
1946,5,1946.375,18.7,0.68,18.5,2.21,16.01372317083218,-0.0033868092691621277,-0.014045773875909107,0.0013975479993716762,-0.00931258620383002
1946,6,1946.4583333333333,18.58,0.68,18.7,2.215,15.773186880128746,-0.02547542160028682,-0.07961567595582653,0.0014018302063986221,-0.054231604805067835
1946,7,1946.5416666666667,18.05,0.683333,19.8,2.2199999999999998,14.508136111909067,-0.0162357663896584,-0.03571624626313041,0.0014061123689775672,-0.0184237116383289
1946,8,1946.625,17.7,0.686667,20.2,2.225,13.98493930994276,-0.14422473163841798,-0.15261468524980604,0.0014103944871313825,-0.008407354478428775
1946,9,1946.7083333333333,15.09,0.69,20.4,2.23,11.841267540149635,-0.018721007289595804,-0.03759175714941143,0.0014146765608770533,-0.0178432979883707
1946,10,1946.7916666666667,14.75,0.696667,20.8,2.235,11.387602961765051,-0.00013182485875706806,-0.023602908782260346,0.0014189585902393382,-0.022088528700611287
1946,11,1946.875,14.69,0.703333,21.3,2.24,11.110043656743295,0.033942211254822,0.024324144173381912,0.0014232405752354464,-0.007892324453371291
1946,12,1946.9583333333333,15.13,0.71,21.5,2.245,11.372779425862708,0.009198061246970646,0.009198061246970646,0.0014275225158902457,0.0014275225158901783
1947,1,1947.0416666666667,15.21,0.713333,21.5,2.25,11.469296334735576,0.0426985152312076,0.0426985152312076,0.0004723374277224978,0.0004723374277224579
1947,2,1947.125,15.8,0.716667,21.5,2.265833333333333,11.949565314209437,-0.03672643987341773,-0.054320477501300535,0.000486685483117153,-0.01778704393209951
1947,3,1947.2083333333333,15.16,0.72,21.9,2.2816666666666667,11.287903096501285,-0.03298153034300788,-0.03298153034300799,0.0005010321352706185,0.0005010321352705294
1947,4,1947.2916666666667,14.6,0.733333,21.9,2.2975,10.900825126392677,-0.01362252853881274,-0.01362252853881274,0.0005153773862753312,0.0005153773862753841
1947,5,1947.375,14.34,0.746667,21.9,2.3133333333333335,10.733674273688536,0.03920657252440729,0.034482906285659976,0.0005297212382196213,-0.004018141131045039
1947,6,1947.4583333333333,14.84,0.76,22.0,2.3291666666666666,11.082715855052095,0.06693620844564241,0.05732417053171779,0.0005440636931944816,-0.00846984679052809
1947,7,1947.5416666666667,15.77,0.77,22.2,2.3449999999999998,11.696446553354363,-0.015588670471359034,-0.028714154865074226,0.0005584047532813594,-0.012782373976762407
1947,8,1947.625,15.46,0.78,22.5,2.360833333333333,11.33747235532983,-0.021668822768434737,-0.0429368918386861,0.0005727444205580363,-0.02117883697988887
1947,9,1947.7083333333333,15.06,0.79,23.0,2.376666666666667,10.827463017228837,0.030267817618415238,0.030267817618415238,0.0005870826971049606,0.0005870826971050569
1947,10,1947.7916666666667,15.45,0.806667,23.0,2.3925,11.132662042754786,-0.007299530744336535,-0.011596935373148876,0.0006014195849925858,-0.0037301882919987817
1947,11,1947.875,15.27,0.823333,23.1,2.408333333333333,10.975407324839072,-0.011223897620606826,-0.0239005143177784,0.0006157550862882582,-0.012212652030202609
1947,12,1947.9583333333333,15.03,0.84,23.4,2.424166666666667,10.68091253196919,-0.008649367930804952,-0.02119811010889605,0.0006300892030612123,-0.012036114457737002
1948,1,1948.0416666666667,14.83,0.843333,23.7,2.44,10.419342657320323,-0.04448565407956839,-0.03635361709301155,0.0029849533890184982,0.011520995545520663
1948,2,1948.125,14.1,0.846667,23.5,2.4291666666666667,9.999761169144184,0.01918833924349883,0.023543844966761762,0.0029764594830470393,0.007262683668872061
1948,3,1948.2083333333333,14.3,0.85,23.4,2.418333333333333,10.186680609489674,0.08187645687645673,0.06369365928189419,0.002967966020793309,-0.013888638450144541
1948,4,1948.2916666666667,15.4,0.85,23.8,2.4075,10.77948448202462,0.05330086580086557,0.048893749207556514,0.0029594730027136104,-0.0012370101479253215
1948,5,1948.375,16.15,0.85,23.9,2.3966666666666665,11.241032697984439,0.04587203302373588,0.03719259706503242,0.0029509804292595803,-0.005372264221605749
1948,6,1948.4583333333333,16.82,0.85,24.1,2.3858333333333333,11.583895756523843,-0.0195699564011097,-0.03162442415027633,0.00294248830088508,-0.009388771801174922
1948,7,1948.5416666666667,16.42,0.856667,24.4,2.375,11.134621739180933,-0.02488496244417404,-0.028865023821952995,0.0029339966180444116,-0.0011596115314170818
1948,8,1948.625,15.94,0.863333,24.5,2.3641666666666667,10.723556662478131,-0.006778894813885383,-0.006778894813885383,0.002925505381190768,0.0029255053811907406
1948,9,1948.7083333333333,15.76,0.87,24.5,2.3533333333333335,10.55301368939916,0.0318845177664977,0.03611355267537686,0.00291701459078356,0.007027330224352424
1948,10,1948.7916666666667,16.19,0.89,24.4,2.3425,10.825409809169495,-0.0510088532015649,-0.04316595116190847,0.0029085242472768683,0.01119702444766757
1948,11,1948.875,15.29,0.91,24.2,2.3316666666666666,10.248096205635571,-0.0015805537388270396,0.002562265540264841,0.002900034351127439,0.007061445282044776
1948,12,1948.9583333333333,15.19,0.93,24.1,2.3208333333333333,10.159652938900916,0.016293614219881514,0.02052817094579784,0.0028915449027922396,0.0070702596732206135
1949,1,1949.0416666666667,15.36,0.946667,24.0,2.31,10.24828575803898,-0.03327546115451385,-0.02515172553396361,0.0018513480231429522,0.010270266914093718
1949,2,1949.125,14.77,0.963333,23.8,2.3108333333333335,9.872517140570059,0.014913862559241764,0.014913862559241764,0.0018520456539879847,0.0018520456539878882
1949,3,1949.2083333333333,14.91,0.98,23.8,2.3116666666666665,9.901332491240924,0.004135926671138046,-6.547887978713973e-05,0.0018527432846290688,-0.00233910919773328
1949,4,1949.2916666666667,14.89,0.993333,23.9,2.3125,9.78363986754406,-0.0018282236400269936,0.002365775420309024,0.0018534409150680927,0.006062909154207041
1949,5,1949.375,14.78,1.00667,23.8,2.3133333333333335,9.692295086395816,-0.049127931889941245,-0.05310647610797492,0.0018541385453010593,-0.0023377197749721024
1949,6,1949.4583333333333,13.97,1.02,23.9,2.314166666666667,9.067718943419537,0.0626342161775233,0.07160159352923245,0.0018548361753301884,0.010309307366683118
1949,7,1949.5416666666667,14.76,1.02667,23.7,2.315,9.605038093363925,0.04170432475158092,0.0373274158240533,0.0018555338051552588,-0.002353943227639488
1949,8,1949.625,15.29,1.03333,23.8,2.3158333333333334,9.851348638079234,0.018712284717680383,0.014449890220953776,0.0018562314347784906,-0.0023356356423543945
1949,9,1949.7083333333333,15.49,1.04,23.9,2.3166666666666664,9.884048361738287,0.0314181192166989,0.04012206958983544,0.0018569290641958869,0.010311417917058252
1949,10,1949.7916666666667,15.89,1.07333,23.7,2.3175,10.169850844772146,0.01947414516467383,0.015190640353057505,0.0018576266934092244,-0.002351859133033818
1949,11,1949.875,16.11,1.10667,23.8,2.3183333333333334,10.21586101165065,0.03241604593420222,0.04116533445906834,0.0018583243224189472,0.010348649104812369
1949,12,1949.9583333333333,16.54,1.14,23.6,2.3191666666666664,10.529330904131147,0.02629987908101561,0.03066711260902011,0.0018590219512246103,0.006122251831868208
1950,1,1950.0416666666667,16.88,1.15,23.5,2.32,10.745733299747911,0.025227093206951157,0.025227093206951157,9.489846262510549e-05,9.489846262500379e-05
1950,2,1950.125,17.21,1.16,23.5,2.3408333333333333,10.911564066731684,0.013751694751113819,0.009456136722507447,0.00011424496576777272,-0.004123527258663495
1950,3,1950.2083333333333,17.35,1.17,23.6,2.361666666666667,10.910946522976257,0.03386167146974062,0.03386167146974062,0.00013358829630170889,0.00013358829630161217
1950,4,1950.2916666666667,17.84,1.18,23.6,2.3825,11.178021600956098,0.03914424514200299,0.03475967026798621,0.00015292846044826988,-0.004067126090017692
1950,5,1950.375,18.44,1.19,23.7,2.4033333333333333,11.461543104586232,0.021646782357194194,0.017354148817878112,0.00017226546441449168,-0.004030139012326739
1950,6,1950.4583333333333,18.74,1.2,23.8,2.4241666666666664,11.554126144044288,-0.06723585912486651,-0.07884703100298018,0.00019159931439330846,-0.012258918519395867
1950,7,1950.5416666666667,17.38,1.24333,24.1,2.445,10.539745658930993,0.06637576716532423,0.05759901188001293,0.00021093001656566574,-0.008021258707850532
1950,8,1950.625,18.43,1.28667,24.3,2.4658333333333333,11.04061167026154,0.04108640803038521,0.03681966045649032,0.00023025757709274576,-0.003869046757239536
1950,9,1950.7083333333333,19.08,1.33,24.4,2.4866666666666664,11.3373911022773,0.04721348707197781,0.03869955628277455,0.00024958200212773715,-0.007882528420653845
1950,10,1950.7916666666667,19.87,1.37667,24.6,2.5075,11.662444039105264,0.003760568696527189,-0.00030323927390396577,0.0002689032978078431,-0.0037807683754624843
1950,11,1950.875,19.83,1.42333,24.7,2.5283333333333333,11.542173388716298,0.0019470919482267313,-0.010076273155152027,0.00028822147025649733,-0.011715237187386651
1950,12,1950.9583333333333,19.75,1.47,25.0,2.549166666666667,11.306665788890761,0.0801265822784809,0.06311671484102455,0.00030753652558325765,-0.01544533806537074
1951,1,1951.0416666666667,21.21,1.48667,25.4,2.57,11.89575983943707,0.04308765519409086,0.030911534705443833,0.0013426661432687915,-0.010346158753345436
1951,2,1951.125,22.0,1.50333,25.7,2.5791666666666666,12.141507370682692,-0.011123750000000099,-0.014956603682170666,0.001350682617166496,-0.0025305215790241142
1951,3,1951.2083333333333,21.63,1.52,25.8,2.5883333333333334,11.841626487283097,0.019263368777932,0.019263368777932,0.0013586988265086,0.0013586988265086308
1951,4,1951.2916666666667,21.92,1.53333,25.8,2.5975,11.951097197083959,0.00628546989051082,0.002400197805991544,0.0013667147715268084,-0.0024995659804867287
1951,5,1951.375,21.93,1.54667,25.9,2.6066666666666665,11.863875406269177,-0.011450562395500796,-0.011450562395500796,0.0013747304524464954,0.0013747304524465154
1951,6,1951.4583333333333,21.55,1.56,25.9,2.6158333333333332,11.61566485702518,0.023665893271461513,0.023665893271461513,0.0013827458694928153,0.0013827458694928296
1951,7,1951.5416666666667,21.93,1.54667,25.9,2.625,11.778190092457809,0.04965294877640991,0.04965294877640991,0.0013907610228970266,0.0013907610228969247
1951,8,1951.625,22.89,1.53333,25.9,2.6341666666666668,12.256989084145143,0.03135768894713853,0.02345456489390374,0.0013987759128835063,-0.00627477792552944
1951,9,1951.7083333333333,23.48,1.52,26.1,2.6433333333333335,12.44495315715004,0.0002839295854626389,-0.003533948008374921,0.0014067905396789615,-0.0024153727829913096
1951,10,1951.7916666666667,23.36,1.48333,26.2,2.6525000000000003,12.309457904118688,-0.022533782819634585,-0.02993882991948582,0.0014148049035077681,-0.006171670891215619
1951,11,1951.875,22.71,1.44667,26.4,2.6616666666666666,11.852030617771039,0.03613191692352857,0.032221985161552835,0.0014228190045997421,-0.0023561350293799244
1951,12,1951.9583333333333,23.41,1.41,26.5,2.6708333333333334,12.147072568106777,0.03833831695856471,0.03833831695856471,0.0014308328431789272,0.0014308328431789086
1952,1,1952.0416666666667,24.19,1.41333,26.5,2.68,12.527059748172297,-0.013320483670938521,-0.005817217387067308,0.0011501277939443238,0.008763436750552245
1952,2,1952.125,23.75,1.41667,26.3,2.6925,12.36411935046109,0.0074970877192981344,0.0074970877192981344,0.0011612404404689578,0.001161240440469058
1952,3,1952.2083333333333,23.81,1.42,26.3,2.705,12.362339087390364,0.002029959400811965,-0.0017656086272214155,0.0011723524234726877,-0.0026199670932829378
1952,4,1952.2916666666667,23.74,1.43,26.4,2.7175000000000002,12.24272868326688,0.0045984274080315135,0.0045984274080315135,0.0011834637437306695,0.0011834637437306839
1952,5,1952.375,23.73,1.44,26.4,2.7300000000000004,12.200478761945837,0.032448377581120846,0.02855234596760714,0.0011945744020230588,-0.0025835183315696675
1952,6,1952.4583333333333,24.38,1.45,26.5,2.7425,12.447881581789366,0.03366830735575599,0.025925473592791626,0.001205684399122902,-0.006293983648810619
1952,7,1952.5416666666667,25.08,1.45,26.7,2.755,12.669112889622479,0.00880515683147265,0.00880515683147265,0.0012167937358040256,0.0012167937358040781
1952,8,1952.625,25.18,1.45,26.7,2.7675,12.678378236328621,-0.011086841408525228,-0.011086841408525228,0.0012279024128378129,0.001227902412837878
1952,9,1952.7083333333333,24.78,1.45,26.7,2.7800000000000002,12.434678020425505,-0.016108420769437637,-0.016108420769437637,0.0012390104309998652,0.0012390104309998318
1952,10,1952.7916666666667,24.26,1.43667,26.7,2.7925,12.13118355868687,0.03667446413849973,0.03667446413849973,0.0012501177910590115,0.0012501177910591021
1952,11,1952.875,25.03,1.42333,26.7,2.805,12.47346976551531,0.04509032494340115,0.04509032494340115,0.001261224493783305,0.0012612244937832973
1952,12,1952.9583333333333,26.04,1.41,26.7,2.8175,12.933964306161373,0.009888632872503855,0.013685206680295048,0.0012723305399453492,0.005036512233704382
1953,1,1953.0416666666667,26.18,1.41,26.6,2.83,13.010773447995183,-0.0077349121466768755,-0.003990515588739751,0.00487178996743785,0.008663758986182879
1953,2,1953.125,25.86,1.41,26.5,2.8008333333333333,12.859346880687902,0.009570765661252922,0.005775386842977515,0.004851248437465291,0.001073612165143789
1953,3,1953.2083333333333,25.99,1.41,26.6,2.7716666666666665,12.83481934009249,-0.044728741823778284,-0.044728741823778284,-0.002709679702477518,-0.0027096797024774855
1953,4,1953.2916666666667,24.71,1.41333,26.6,2.83,12.1639014540068,0.010027418049372683,0.006244543824468707,-0.016360317344078296,-0.02004436109934382
1953,5,1953.375,24.84,1.41667,26.7,3.05,12.141970791867779,-0.03107665727321529,-0.03469204288040473,-0.0025478428064062953,-0.006269679213845136
1953,6,1953.4583333333333,23.95,1.42,26.8,3.11,11.62440788547008,0.01913709116214335,0.01913709116214335,0.01800102941293969,0.018001029412939795
1953,7,1953.5416666666667,24.29,1.42,26.8,2.93,11.750201645309998,0.008988609853163076,0.005237722827686753,0.0007312645243528954,-0.0029889260500869375
1953,8,1953.625,24.39,1.42,26.9,2.95,11.715076201734,-0.04106874402077365,-0.04106874402077365,0.00932799423261576,0.009327994232615655
1953,9,1953.7083333333333,23.27,1.42,26.9,2.87,11.139349357262919,0.03516688153559655,0.0313329301225016,0.020619972391090355,0.01683989841927147
1953,10,1953.7916666666667,23.97,1.43,27.0,2.66,11.391934765421409,0.02708246419135052,0.030900614615853694,0.0004824231729958716,0.004201688686650273
1953,11,1953.875,24.5,1.44,26.9,2.68,11.644070268505766,0.01836734693877551,0.01836734693877551,0.010073684789695194,0.01007368478969517
1953,12,1953.9583333333333,24.83,1.45,26.9,2.59,11.75444918402729,0.03023895824942957,0.03023895824942957,0.011795560703107126,0.011795560703107055
1954,1,1954.0416666666667,25.46,1.45667,26.9,2.48,12.002650554927824,0.02676312516365531,0.02676312516365531,0.002943231359027415,0.0029432313590274095
1954,2,1954.125,26.02,1.46333,26.9,2.47,12.215052485432834,0.02582414168588265,0.02582414168588265,0.010869483143942043,0.010869483143941983
1954,3,1954.2083333333333,26.57,1.47,26.9,2.37,12.420105295189968,0.04450508091832894,0.048402487936680894,0.009053243510386885,0.012818367553335985
1954,4,1954.2916666666667,27.63,1.46333,26.8,2.29,12.907868184060913,0.04422526842803709,0.04034339010674337,-0.005140586515154545,-0.008838948647068356
1954,5,1954.375,28.73,1.45667,26.9,2.37,13.312042238025853,0.01223074022508408,0.01223074022508408,0.001094341620026691,0.0010943416200266398
1954,6,1954.4583333333333,28.96,1.45,26.9,2.38,13.357885903658993,0.0445729742173111,0.0445729742173111,0.009057901523087938,0.00905790152308783
1954,7,1954.5416666666667,30.13,1.45667,26.9,2.3,13.833009564245325,0.02394255448611582,0.02394255448611582,-0.0033727649297649155,-0.0033727649297649043
1954,8,1954.625,30.73,1.46333,26.9,2.36,14.042112347320572,0.02739811801713854,0.031231693084366574,0.00020534990672038114,0.003937459421297529
1954,9,1954.7083333333333,31.45,1.47,26.8,2.38,14.356474143296973,0.027106518282989045,0.027106518282989045,-0.00240856977584392,-0.002408569775843916
1954,10,1954.7916666666667,32.18,1.49333,26.8,2.43,14.619231935730559,0.043021882121400346,0.043021882121400346,-0.002355557895350856,-0.0023555578953508016
1954,11,1954.875,33.44,1.51667,26.8,2.48,15.117311697434385,0.0495331688596492,0.053464004698074774,-0.0005575962926184174,0.003185633683813638
1954,12,1954.9583333333333,34.97,1.54,26.7,2.51,15.78906200232708,0.021685254027261402,0.021685254027261402,-0.006610858962182211,-0.0066108589621820535
1955,1,1955.0416666666667,35.6,1.54667,26.7,2.61,15.990781062969829,0.03704744850187258,0.03704744850187258,-0.001298845902481343,-0.0012988459024813048
1955,2,1955.125,36.79,1.55333,26.7,2.65,16.437728215987107,-0.0043641161547521845,-0.0043641161547521845,-0.0003930319071731368,-0.00039303190717310255
1955,3,1955.2083333333333,36.5,1.56,26.7,2.68,16.21928294553779,0.03808219178082184,0.03808219178082184,-0.0038147199810394145,-0.0038147199810394383
1955,4,1955.2916666666667,37.76,1.56333,26.7,2.75,16.685266628063495,-0.0007871424788135073,-0.0007871424788135073,0.0014281025704007992,0.0014281025704008243
1955,5,1955.375,37.6,1.56667,26.7,2.76,16.518057827257792,0.06145095301418446,0.06145095301418446,0.0005746438605407668,0.0005746438605407356
1955,6,1955.4583333333333,39.78,1.57,26.7,2.78,17.3700919634053,0.0764412602647897,0.07242468839812988,-0.007972015243426245,-0.011673612201473227
1955,7,1955.5416666666667,42.69,1.58667,26.8,2.9,18.454031906632867,-0.0029931482782853402,-0.0029931482782853402,-0.0035636276692285313,-0.003563627669228575
1955,8,1955.625,42.43,1.60333,26.8,2.97,18.222326463047743,0.04816429020347246,0.044267768678552644,0.002474999999999556,-0.0012516728624538676
1955,9,1955.7083333333333,44.34,1.62,26.9,2.97,18.843960654261306,-0.04724853405502949,-0.04724853405502938,0.010199413145116848,0.010199413145116853
1955,10,1955.7916666666667,42.11,1.62667,26.9,2.88,17.772325789386088,0.07066150162273432,0.07066150162273432,0.001542171023739922,0.001542171023739991
1955,11,1955.875,44.95,1.63333,26.9,2.89,18.83555928827389,0.012371764923989392,0.016149271509526608,-0.0035750164226745606,0.0001429872473899252
1955,12,1955.9583333333333,45.37,1.64,26.8,2.96,18.94236903581357,-0.02387774594078329,-0.02387774594078329,0.007611007621714233,0.007611007621714183
1956,1,1956.0416666666667,44.15,1.67,26.8,2.9,18.292585385418892,0.00949414873537191,0.00949414873537191,0.007576835124278579,0.007576835124278647
1956,2,1956.125,44.43,1.7,26.8,2.84,18.266116815127777,0.07206091979893459,0.07206091979893459,-0.007890504343632327,-0.007890504343632365
1956,3,1956.2083333333333,47.49,1.73,26.8,2.96,19.371210099299958,0.014827683020986804,0.011055089403808616,-0.016128560127729626,-0.019786074774094997
1956,4,1956.2916666666667,48.05,1.75333,26.9,3.18,19.370593634578498,-0.028384790149150185,-0.03198336500044974,0.011999791577697663,0.008251644201483943
1956,5,1956.375,46.54,1.77667,27.0,3.07,18.544506591754434,-0.002620201260564392,-0.009953876251295513,0.008529475319076222,0.0011138174123184186
1956,6,1956.4583333333333,46.27,1.8,27.2,3.0,18.158163846958697,0.05748865355521926,0.04976975827379437,-0.0068307673673010955,-0.014080177824474016
1956,7,1956.5416666666667,48.78,1.81333,27.4,3.11,18.856797596896786,-0.002847256389230557,0.0008053177631899278,-0.015862648425094654,-0.012257749701377163
1956,8,1956.625,48.49,1.82667,27.3,3.33,18.670937110186422,-0.03088837904722619,-0.03442528277333112,-0.0014085677587791496,-0.005053062037031819
1956,9,1956.7083333333333,46.84,1.84,27.4,3.38,17.83664079631202,-0.009536009109023635,-0.01313769634862727,0.006170298962413034,0.0025114978752769357
1956,10,1956.7916666666667,46.24,1.80667,27.5,3.34,17.41895294863613,-0.007124657583621685,-0.007124657583621685,-0.009697864795103288,-0.00969786479510315
1956,11,1956.875,45.76,1.77333,27.5,3.49,17.120339736628257,0.018089543269230735,0.014400813039994409,-0.00537067272589793,-0.008974402172543305
1956,12,1956.9583333333333,46.44,1.74,27.6,3.59,17.197522725560923,-0.018626184323858652,-0.018626184323858652,0.013825084063967704,0.013825084063967763
1957,1,1957.0416666666667,45.43,1.73667,27.6,3.46,16.717780078533007,-0.03995768214836015,-0.04342353889150685,0.012944230220574433,0.009287391844327031
1957,2,1957.125,43.47,1.73333,27.7,3.34,15.843733142229743,0.016205294839352957,0.012549880109714806,-0.0030647887402093497,-0.006650886622438845
1957,3,1957.2083333333333,44.03,1.73,27.8,3.41,15.900417108869165,0.026440305852070356,0.022761308340055963,-0.0029858300709598366,-0.006559357561744861
1957,4,1957.2916666666667,45.05,1.73,27.9,3.48,16.123704360211754,0.041601923788383344,0.03788191691771048,-0.007029812852483844,-0.01057613494943932
1957,5,1957.375,46.78,1.73,28.0,3.6,16.59811078911426,0.019541826991591682,0.015913564262084234,-0.01338451250208317,-0.016895599646204018
1957,6,1957.4583333333333,47.55,1.73,28.1,3.8,16.729918872472865,0.023221170697511395,0.015989925674914085,-0.007414337207311312,-0.014429076873690772
1957,7,1957.5416666666667,48.51,1.74,28.3,3.93,16.868882383979795,-0.05205112347969476,-0.05205112347969476,0.0032750000000008883,0.003275000000000805
1957,8,1957.625,45.84,1.75,28.3,3.93,15.868942729452241,-0.03739456079115777,-0.03739456079115788,0.0040893294134890235,0.00408932941348894
1957,9,1957.7083333333333,43.98,1.76,28.3,3.92,15.15727448896221,-0.05896619675610115,-0.05896619675610115,-0.000794844580857297,-0.0007948445808573235
1957,10,1957.7916666666667,41.24,1.77,28.3,3.97,14.149451489483534,-0.01800436469447142,-0.02146209580470204,0.023871190378677107,0.02026601013086493
1957,11,1957.875,40.35,1.78,28.4,3.72,13.73624223529848,0.003180503923998268,0.003180503923998268,0.046141488204703436,0.04614148820470354
1957,12,1957.9583333333333,40.33,1.79,28.4,3.21,13.673246057951383,0.023287048516406283,0.0161311950302776,0.012864387923130511,0.005781420175416274
1958,1,1958.0416666666667,41.12,1.78333,28.6,3.09,13.788431552307634,0.007018745946822502,0.007018745946822502,0.005978391032256841,0.005978391032256836
1958,2,1958.125,41.26,1.77667,28.6,3.05,13.784906390337678,0.024189428825335257,0.01707700223627051,0.00851890790225607,0.0015153043751572337
1958,3,1958.2083333333333,42.11,1.77,28.8,2.98,13.925589923892938,0.00896461648064606,0.005473389434000442,0.01106601460568529,0.007567516285250653
1958,4,1958.2916666666667,42.34,1.75667,28.9,2.88,13.913501765262778,0.03557839316643041,0.03557839316643041,-0.001026054101674514,-0.0010260541016745561
1958,5,1958.375,43.7,1.74333,28.9,2.92,14.32382496840923,0.027351887871853497,0.027351887871853497,-0.0018383054780205061,-0.001838305478020552
1958,6,1958.4583333333333,44.75,1.73,28.9,2.97,14.635555551956267,0.030707635009310952,0.027153470750657993,-0.016945725482234945,-0.020335567808158372
1958,7,1958.5416666666667,45.98,1.73,29.0,3.2,14.957457101901133,0.040542989705669275,0.04414348447973726,-0.025552867940914863,-0.02218107855662732
1958,8,1958.625,47.7,1.73,28.9,3.54,15.544566891165923,0.029437456324248767,0.029437456324248767,-0.015109084775877699,-0.015109084775877801
1958,9,1958.7083333333333,48.96,1.73,28.9,3.76,15.931923184092845,0.04359000544662317,0.04359000544662317,-0.00014356916708356754,-0.00014356916708357925
1958,10,1958.7916666666667,50.95,1.73667,28.9,3.8,16.559803310351572,0.03326246319921489,0.029699489188182993,0.008096808279245764,0.004620612388627654
1958,11,1958.875,52.5,1.74333,29.0,3.74,16.988883579386336,0.021624333333333245,0.025159365628604435,-0.006684597657383707,-0.003247520140627125
1958,12,1958.9583333333333,53.49,1.75,28.9,3.86,17.35835736536996,0.0425468935003428,0.03895190421241046,-0.009747855521598937,-0.013162518088765895
1959,1,1959.0416666666667,55.62,1.75667,29.0,4.02,17.98033934299339,-0.012650320628071365,-0.009233885751351867,0.008226242462533263,0.011714914581780755
1959,2,1959.125,54.77,1.76333,28.9,3.96,17.759169263611422,0.028061788692106182,0.028061788692106182,0.0008655194993824355,0.0008655194993825166
1959,3,1959.2083333333333,56.16,1.77,28.9,3.99,18.200871845485636,0.019364316239316448,0.015849266872973944,-0.0071564570447975265,-0.010580055468781047
1959,4,1959.2916666666667,57.1,1.77667,29.0,4.12,18.430753048783426,0.01765421774664322,0.01765421774664322,-0.011742271179837237,-0.011742271179837283
1959,5,1959.375,57.96,1.78333,29.0,4.31,18.692721439594187,-0.006062615021854123,-0.009478207410095196,0.0011990657280045516,-0.0022414808896175087
1959,6,1959.4583333333333,57.46,1.79,29.1,4.34,18.44859139706648,0.042275786054066566,0.03870634843059384,-0.0011543938952790944,-0.004575098025774604
1959,7,1959.5416666666667,59.74,1.79667,29.2,4.4,19.090533975796514,-0.003185093739538014,-0.003185093739538014,0.001284659944198201,0.001284659944198241
1959,8,1959.625,59.4,1.80333,29.2,4.43,18.95880364075021,-0.03703236531986531,-0.040318944277818014,-0.01591621458958257,-0.019274862321358777
1959,9,1959.7083333333333,57.05,1.81,29.3,4.68,18.12329055675862,0.0017674554484370386,-0.0016399168490065508,0.015751589360889037,0.012296651982110607
1959,10,1959.7916666666667,57.0,1.81667,29.4,4.53,18.02196244151543,0.0066910380116957935,0.0066910380116957935,0.0037750000000008883,0.003775000000000972
1959,11,1959.875,57.23,1.82333,29.4,4.53,18.07178913057022,0.03463121032092742,0.03463121032092742,-0.008767903632073887,-0.008767903632073915
1959,12,1959.9583333333333,59.06,1.83,29.4,4.69,18.624728977900112,-0.014857771757534666,-0.011495511592884755,0.0015599877747444627,0.004978281248378513
1960,1,1960.0416666666667,58.03,1.86667,29.3,4.72,18.338284994375567,-0.03609243781951865,-0.03937103496979244,0.02214153663002193,0.018664864736722464
1960,2,1960.125,55.78,1.90333,29.4,4.49,17.54527510894598,-0.010781447950280798,-0.010781447950280798,0.022967795476838495,0.02296779547683858
1960,3,1960.2083333333333,55.02,1.94,29.4,4.25,17.286020720522153,0.015842723857991015,0.012399189200845262,0.001141963538691006,-0.0022517380326265712
1960,4,1960.2916666666667,55.73,1.94333,29.5,4.28,17.429766947597205,-0.006245394461391274,-0.006245394461391274,-0.002013314058289468,-0.002013314058289417
1960,5,1960.375,55.22,1.94667,29.5,4.35,17.25617057872792,0.03988088554871427,0.0363677744488875,0.01972633470395847,0.016281313302931588
1960,6,1960.4583333333333,57.26,1.95,29.6,4.15,17.823363817264745,-0.0219612294795668,-0.0219612294795668,0.023836893364137517,0.023836893364137524
1960,7,1960.5416666666667,55.84,1.95,29.6,3.9,17.376806472898117,0.01490866762177645,0.01490866762177645,0.011442256251041252,0.011442256251041227
1960,8,1960.625,56.51,1.95,29.6,3.8,17.582113039577674,-0.02720757388072903,-0.02720757388072903,0.0031666666666664445,0.00316666666666654
1960,9,1960.7083333333333,54.81,1.95,29.6,3.8,17.052015467817665,-0.016739646049990897,-0.0233387088281789,-0.004173277492053746,-0.010856678314254742
1960,10,1960.7916666666667,53.73,1.95,29.8,3.89,16.605104536251027,0.03540852410199147,0.03540852410199147,-1.4026833018130486e-05,-1.402683301809926e-05
1960,11,1960.875,55.47,1.95,29.8,3.93,17.146088452419004,0.026906435911303372,0.026906435911303372,0.010633298025725851,0.010633298025725768
1960,12,1960.9583333333333,56.8,1.95,29.8,3.84,17.562090833957125,0.054269366197183144,0.054269366197183144,0.0031999999999999997,0.0032000000000000917
1961,1,1961.0416666666667,59.72,1.94667,29.8,3.84,18.470416986477176,0.04374116711319487,0.04374116711319487,0.008120275656102202,0.008120275656102294
1961,2,1961.125,62.17,1.94333,29.8,3.78,19.234014498298354,0.03397047075223858,0.03397047075223858,0.006436761075052436,0.006436761075052422
1961,3,1961.2083333333333,64.12,1.94,29.8,3.74,19.84422527272557,0.029190060303597276,0.029190060303597276,-0.00016351710406902267,-0.00016351710406903308
1961,4,1961.2916666666667,65.83,1.94,29.8,3.78,20.38284297575478,0.012633551065876603,0.012633551065876603,0.00891048726287648,0.008910487262876465
1961,5,1961.375,66.5,1.94,29.8,3.71,20.598606843297347,-0.010802005012531368,-0.010802005012531368,-0.010779595618154052,-0.010779595618154003
1961,6,1961.4583333333333,65.62,1.94,29.8,3.88,20.332414551592294,-0.0002793863659454887,-0.006944190456839139,-2.3984320618985252e-05,-0.006690491091814854
1961,7,1961.5416666666667,65.44,1.94667,30.0,3.92,20.146643736827325,0.03838970812958453,0.041862583407610066,-0.0064470561123018705,-0.0031241365675269694
1961,8,1961.625,67.79,1.95333,29.9,4.04,20.941688475215194,-0.005417060038353738,-0.00873233650489269,0.008238053010483675,0.004877259500448705
1961,9,1961.7083333333333,67.26,1.96,30.0,3.98,20.70524304414726,0.013430468827435593,0.013430468827435593,0.008202643147597033,0.008202643147597
1961,10,1961.7916666666667,68.0,1.98,30.0,3.92,20.92419014101079,0.04772058823529424,0.04772058823529424,0.001639631387628486,0.0016396313876285706
1961,11,1961.875,71.08,2.0,30.0,3.94,21.857957721959675,0.011630088163571584,0.011630088163571584,-0.006420734988671989,-0.006420734988671906
1961,12,1961.9583333333333,71.74,2.02,30.0,4.06,22.041480198382267,-0.03487129448935966,-0.03487129448935966,0.0017675952926942524,0.001767595292694324
1962,1,1962.0416666666667,69.07,2.02667,30.0,4.08,21.19793140001523,0.019094964046136864,0.01570926649116622,0.0066379075929895864,0.0032935956076309836
1962,2,1962.125,70.22,2.03333,30.1,4.04,21.451687754873376,0.003409914079559595,0.003409914079559595,0.012319823790803468,0.012319823790803541
1962,3,1962.2083333333333,70.29,2.04,30.1,3.93,21.44315856852624,-0.0294494238156211,-0.03266316744537068,0.010633298025725851,0.007286830151468582
1962,4,1962.2916666666667,68.05,2.04667,30.2,3.84,20.658336447649038,-0.07185075924565265,-0.07185075924565265,0.000750907509277662,0.000750907509277754
1962,5,1962.375,62.99,2.05333,30.2,3.87,19.089367498116655,-0.1141274673228555,-0.1141274673228555,-3.394302199358776e-05,-3.394302199355437e-05
1962,6,1962.4583333333333,55.63,2.06,30.2,3.91,16.82757124479247,0.02717358739289355,0.02378357555331312,-0.004848526235481517,-0.008132854531734068
1962,7,1962.5416666666667,56.97,2.06667,30.3,4.01,17.141325661322796,0.03023034053010365,0.03023034053010365,0.005777359838574948,0.005777359838574858
1962,8,1962.625,58.52,2.07333,30.3,3.98,17.571262631045535,-0.005933398838004145,-0.009203354762879035,0.003316666666666223,1.6282894736319165e-05
1962,9,1962.7083333333333,58.0,2.08,30.4,3.98,17.321461147465484,-0.028563218390804557,-0.028563218390804557,0.007386283541274829,0.007386283541274796
1962,10,1962.7916666666667,56.17,2.09667,30.4,3.93,16.739820967901334,0.07200858999465898,0.07200858999465898,0.0040893294134890235,0.00408932941348894
1962,11,1962.875,60.04,2.11333,30.4,3.92,17.854386489497152,0.0462376887630469,0.0462376887630469,0.008167298828692186,0.008167298828692271
1962,12,1962.9583333333333,62.64,2.13,30.4,3.86,18.585836118439865,0.041467113665389466,0.041467113665389466,0.005670659014204847,0.005670659014204826
1963,1,1963.0416666666667,65.06,2.13667,30.4,3.83,19.259231693254055,0.015955361717389094,0.015955361717389094,-0.004137298054726882,-0.004137298054726846
1963,2,1963.125,65.92,2.14333,30.4,3.92,19.469191309671416,-0.0010829667273462018,-0.00435810454135499,0.0024527432917461887,-0.0008339870141282901
1963,3,1963.2083333333333,65.67,2.15,30.5,3.93,19.288064606604838,0.04978173696766652,0.04978173696766652,2.5791001980718375e-05,2.579100198074613e-05
1963,4,1963.2916666666667,68.76,2.16667,30.5,3.97,20.15007723822699,0.02269569274772132,0.02269569274772132,0.006564026833020129,0.006564026833020042
1963,5,1963.375,70.14,2.18333,30.5,3.93,20.50758586495262,0.002166298355669616,-0.0011087549069307423,-0.001593961001234906,-0.004856725834564313
1963,6,1963.4583333333333,70.11,2.2,30.6,3.99,20.384149993841003,-0.012218894118765755,-0.0154364221509522,0.0008941520897000955,-0.0023660894480512784
1963,7,1963.5416666666667,69.07,2.20333,30.7,4.02,19.969231885949643,0.03031143525891622,0.03031143525891622,0.004972179155870594,0.00497217915587056
1963,8,1963.625,70.98,2.20667,30.7,4.0,20.472637900527687,0.028936167465013485,0.028936167465013485,-0.0031296188292243223,-0.0031296188292243565
1963,9,1963.7083333333333,72.85,2.21,30.7,4.08,20.960360090705116,0.004998856097003124,0.001735872797986815,0.000980001242737047,-0.0022699338262329727
1963,10,1963.7916666666667,73.03,2.23333,30.8,4.11,20.891344595411496,-0.003065715002966818,-0.003065715002966818,0.002618734073478002,0.002618734073478013
1963,11,1963.875,72.62,2.25667,30.8,4.12,20.720399335339714,0.023933569723675774,0.020619868850783707,0.0026274674347989586,-0.0006172816507504786
1963,12,1963.9583333333333,74.17,2.28,30.9,4.13,21.038599376737054,0.03330187407307528,0.03330187407307528,0.00022459162576981108,0.00022459162576971003
1964,1,1964.0416666666667,76.45,2.29667,30.9,4.17,21.627216196980946,0.014799073468497959,0.014799073468497959,0.0050851334703950705,0.005085133470394965
1964,2,1964.125,77.39,2.31333,30.9,4.15,21.832670826710334,0.020710395399922588,0.020710395399922588,-0.002157619719739275,-0.0021576197197392677
1964,3,1964.2083333333333,78.8,2.33,30.9,4.22,22.167245585982645,0.016931049069373927,0.016931049069373927,0.0027147847229645455,0.0027147847229644917
1964,4,1964.2916666666667,79.94,2.34667,30.9,4.23,22.422192169737183,0.01220360061712955,0.01220360061712955,0.00593422206352856,0.00593422206352856
1964,5,1964.375,80.72,2.36333,30.9,4.2,22.574330769563844,-0.0035066381731087004,-0.006721132888679371,0.005912806280671642,0.0026679262604114573
1964,6,1964.4583333333333,80.24,2.38,31.0,4.17,22.300288036082797,0.039610335659687745,0.036267537152743445,0.0018680560571332438,-0.0013533846375843872
1964,7,1964.5416666666667,83.22,2.4,31.1,4.19,22.984351845738402,-0.012256669069935056,-0.009070400260483225,0.003491666666666334,0.006728736559139303
1964,8,1964.625,82.0,2.42,31.0,4.19,22.650407292938795,0.019654471544715335,0.01637583980341395,0.0026885926454901475,-0.0005354864305405771
1964,9,1964.7083333333333,83.41,2.44,31.1,4.2,22.892221984231686,0.019701874275666276,0.019701874275666276,0.004303471971432934,0.004303471971432993
1964,10,1964.7916666666667,84.85,2.46,31.1,4.19,23.21215468067534,0.009369475545079498,0.006134316969614639,0.006711933607457695,0.003485292794613404
1964,11,1964.875,85.44,2.48,31.2,4.15,23.22501979309582,-0.014903245942571863,-0.014903245942571863,0.0010467226802572875,0.0010467226802572949
1964,12,1964.9583333333333,83.96,2.5,31.2,4.18,22.75298477278727,0.028207876766714435,0.028207876766714435,0.002679861361899733,0.0026798613618996825
1965,1,1965.0416666666667,86.12,2.51667,31.2,4.19,23.269335081922474,0.009750609614491257,0.009750609614491257,0.0018863139333673527,0.0018863139333673562
1965,2,1965.125,86.75,2.53333,31.2,4.21,23.372068272751342,0.003355744476464917,0.0001501350691917036,0.0035083333333331113,0.0003022364217248885
1965,3,1965.2083333333333,86.83,2.55,31.3,4.21,23.253528200034843,0.015576413681907209,0.012342093893111361,0.004311407354509298,0.0011129633820428086
1965,4,1965.2916666666667,87.97,2.57,31.4,4.2,23.4205519547713,0.017325982342465407,0.017325982342465407,0.002697323633350232,0.0026973236333502904
1965,5,1965.375,89.28,2.59,31.4,4.21,23.708808308861954,-0.045073551373954523,-0.051117389656398005,0.0035083333333331113,-0.0028429852320679405
1965,6,1965.4583333333333,85.04,2.61,31.6,4.21,22.385342986457793,0.001028927563499371,0.001028927563499371,0.004311407354509298,0.004311407354509189
1965,7,1965.5416666666667,84.91,2.62667,31.6,4.2,22.300781712174434,0.021185834020335248,0.021185834020335248,-0.0005054435021188439,-0.0005054435021188963
1965,8,1965.625,86.49,2.64333,31.6,4.25,22.665971845964386,0.03596112267314133,0.03596112267314133,0.00034364368973738464,0.00034364368973749393
1965,9,1965.7083333333333,89.38,2.66,31.6,4.29,23.374146831648623,0.024968300141717137,0.021734961655465623,-0.0012078406213910046,-0.0043586045311027055
1965,10,1965.7916666666667,91.39,2.68,31.7,4.35,23.775745523312686,0.010759747601852832,0.010759747601852832,-0.004307206760814742,-0.004307206760814752
1965,11,1965.875,92.15,2.7,31.7,4.45,23.925461156673713,-0.002116115029842769,-0.005254114668113652,-0.009664271986877006,-0.012778535282515824
1965,12,1965.9583333333333,91.73,2.72,31.8,4.62,23.69411154910632,0.019804498709982132,0.019804498709982132,0.004637009602240207,0.004637009602240116
1966,1,1966.0416666666667,93.32,2.74,31.8,4.61,24.058483388421738,-0.004304186312330205,-0.010527285147878152,-0.013287274298325623,-0.019454228833961085
1966,2,1966.125,92.69,2.76,32.0,4.83,23.700027145579394,-0.038623368216636034,-0.04161831099477742,0.0009167133445375222,-0.002201407257781951
1966,3,1966.2083333333333,88.88,2.78,32.1,4.87,22.611112582289987,0.03320957095709565,0.02681198847438937,0.013437950533895352,0.0071627929454500805
1966,4,1966.2916666666667,91.6,2.79667,32.3,4.75,23.113696462615827,-0.05007580967976699,-0.05007580967976699,0.001616862698439906,0.0016168626984398582
1966,5,1966.375,86.78,2.81333,32.3,4.78,21.8521779767631,-0.0055952504417300375,-0.008664400903329539,0.0016452887911952933,-0.0014462090137157269
1966,6,1966.4583333333333,86.06,2.83,32.4,4.81,21.555253383226255,0.00018398016887433144,-0.002893509000876038,-0.012191572044127966,-0.01523098259168465
1966,7,1966.5416666666667,85.84,2.85,32.5,5.02,21.381702007433415,-0.05769454799627216,-0.06345788409415432,-0.011096463394553484,-0.017144803067981496
1966,8,1966.625,80.65,2.87,32.7,5.22,19.913903864009807,-0.032248398429427616,-0.032248398429427616,0.007411871983671693,0.0074118719836717695
1966,9,1966.7083333333333,77.81,2.89,32.7,5.18,19.161676250615006,-0.005644090305445104,-0.011688807081703612,0.017437243579389836,0.011252214743041167
1966,10,1966.7916666666667,77.13,2.88333,32.9,5.01,18.825409371315676,0.05316060547128232,0.05316060547128232,-0.0073181304622891696,-0.007318130462289019
1966,11,1966.875,80.99,2.87667,32.9,5.16,19.711251211928968,0.0071579515989628195,0.0071579515989628195,0.02920267734647311,0.029202677346473083
1966,12,1966.9583333333333,81.33,2.87,32.9,4.84,19.736473752791966,0.04130292225091203,0.04130292225091203,0.024525716724081104,0.024525716724081104
1967,1,1967.0416666666667,84.45,2.88,32.9,4.58,20.432242125384278,0.03730017761989335,0.03730017761989335,-0.00011452516869106142,-0.00011452516869103757
1967,2,1967.125,87.36,2.89,32.9,4.63,21.074443163678435,0.02633737789987789,0.023227264633514766,0.010965794536776078,0.007902261826058465
1967,3,1967.2083333333333,89.42,2.9,33.0,4.54,21.44389860201909,0.01992469991798984,0.016843356413706045,-0.0001555765505344693,-0.0031762545669982156
1967,4,1967.2916666666667,90.96,2.9,33.1,4.59,21.68602556674624,0.020576810319554495,0.017502783782447295,-0.016398564072631152,-0.01936121900012333
1967,5,1967.375,92.59,2.9,33.2,4.85,21.948477389658397,-0.009918277711776002,-0.012891496097025779,-0.009072542448421095,-0.01204830057920625
1967,6,1967.4583333333333,91.43,2.9,33.3,5.02,21.552097609793478,0.019924167851543828,0.016870502678335564,-0.0065435884314698324,-0.009518008825387558
1967,7,1967.5416666666667,93.01,2.90667,33.4,5.16,21.804196245666358,0.01851653048059343,0.015476182628412438,-0.004841368122318916,-0.007811990904043387
1967,8,1967.625,94.49,2.91333,33.5,5.28,22.03062704912601,0.016539078209334424,0.013513664286092242,0.0028779071256608687,-0.0001068485503085137
1967,9,1967.7083333333333,95.81,2.92,33.6,5.3,22.219145488664783,0.0009741502278814984,-0.0019960994760587214,-0.009164085062466312,-0.01210425098216239
1967,10,1967.7916666666667,95.66,2.92,33.7,5.48,22.068199194183883,-0.028817339187399704,-0.03169066066909354,-0.015543077849628991,-0.01845567229386058
1967,11,1967.875,92.66,2.92,33.8,5.75,21.263102968336277,0.031117346571695848,0.02807570248151392,0.008524585848808025,0.005549587070492912
1967,12,1967.9583333333333,95.3,2.92,33.9,5.7,21.751597808723627,-0.00017488632388928949,-0.00603896323694586,0.01754554498061053,0.011577535919140569
1968,1,1968.0416666666667,95.04,2.93,34.1,5.53,21.511535896332177,-0.042569795173961866,-0.04536929869684514,0.0023535393074485345,-0.0005773189946201018
1968,2,1968.125,90.75,2.94,34.2,5.56,20.424992376214224,-0.01559228650137734,-0.01846227983519233,-0.008779556287402169,-0.011669411808430064
1968,3,1968.2083333333333,89.09,2.95,34.3,5.74,19.9347113082957,0.0766172784076029,0.07348757701688302,0.012270598696244334,0.009327951607011054
1968,4,1968.2916666666667,95.67,2.96333,34.4,5.64,21.277356015671742,0.025576922406884695,0.02260423567527048,-0.012332952269269708,-0.015195755306170455
1968,5,1968.375,97.87,2.97667,34.5,5.87,21.63022714277988,0.029406925854024157,0.023473744725182488,0.01607974172011543,0.010223374332679613
1968,6,1968.4583333333333,100.5,2.99,34.7,5.72,22.004623431346534,0.0004892205638473701,-0.00524424201818019,0.02134944348956277,0.015496438082745811
1968,7,1968.5416666666667,100.3,3.00333,34.9,5.5,21.75353741567095,-0.01933920737786643,-0.022141095356786877,0.010636640576311146,0.007749107317521542
1968,8,1968.625,98.11,3.01667,35.0,5.42,21.13776679361786,0.03507684401861866,0.03212790714107272,0.00149582312894275,-0.0013574413244159533
1968,9,1968.7083333333333,101.3,3.03,35.1,5.46,21.680275633292936,0.02717176702862778,0.02135209696047702,-0.004460542925964593,-0.010100993107686973
1968,10,1968.7916666666667,103.8,3.04333,35.3,5.58,22.00460692795689,0.017857522479126642,0.01498221874330996,-0.0043090060371378395,-0.007121692460761775
1968,11,1968.875,105.4,3.05667,35.4,5.7,22.195529227158158,0.012853154648956311,0.010000047171071946,-0.01950380304923186,-0.022265764167403
1968,12,1968.9583333333333,106.5,3.07,35.5,6.03,22.277872995434887,-0.03985133020344289,-0.04254837702871417,0.00429038409528276,0.0014693436905206525
1969,1,1969.0416666666667,102.0,3.08,35.6,6.04,21.194968072847157,-0.0023856209150326935,-0.007958885602658006,-0.005908093552809635,-0.011461679622346899
1969,2,1969.125,101.5,3.09,35.8,6.19,20.89572990198724,-0.019137931034482802,-0.027289139363836146,-0.0028239233230356467,-0.011110705123675402
1969,3,1969.2083333333333,99.3,3.1,36.1,6.3,20.202287616481662,0.02274253105068813,0.017107585976028794,0.014741519585296927,0.009150657218435887
1969,4,1969.2916666666667,101.3,3.11,36.3,6.17,20.42860808193216,0.035134912800263374,0.03229113556729568,-0.0057329981524252725,-0.008464500904753813
1969,5,1969.375,104.6,3.12,36.4,6.32,20.9722582719721,-0.04971319311663469,-0.05490601719796462,-0.012646682854421807,-0.01804205617215726
1969,6,1969.4583333333333,99.14,3.13,36.6,6.57,19.713341583757636,-0.04205332526393657,-0.04725955719184982,-0.0051980944284423306,-0.010604626523939786
1969,7,1969.5416666666667,94.71,3.13667,36.8,6.72,18.681708207192766,-0.00283614014711564,-0.008226215065239462,0.007737602704723962,0.002290372419833542
1969,8,1969.625,94.18,3.14333,37.0,6.69,18.42951559020775,0.006285242797479995,0.0035728836524733243,-0.02719306179999503,-0.029815182927218742
1969,9,1969.7083333333333,94.51,3.15,37.1,7.16,18.39804634467698,0.013464183684266162,0.008030059374967369,0.010161404465430558,0.004744989428082436
1969,10,1969.7916666666667,95.52,3.15333,37.3,7.1,18.448662031815367,0.00997463881909555,0.004588107412060394,0.003125325535183173,-0.0022246762010045273
1969,11,1969.875,96.21,3.15667,37.5,7.14,18.437760084691057,-0.05027485881578475,-0.05531318847723954,-0.028818303417939794,-0.0339704609594893
1969,12,1969.9583333333333,91.11,3.16,37.7,7.65,17.3269299137427,-0.00589031573555765,-0.008520235535198872,-0.0031087491298662706,-0.005746027571321477
1970,1,1970.0416666666667,90.31,3.16333,37.8,7.79,17.09054139514022,-0.03196090318532474,-0.037055845800138876,0.044696423390264355,0.0391980211618943
1970,2,1970.125,87.16,3.16667,38.0,7.24,16.372586787159864,0.020122638442710894,0.014781682220497583,0.01793488239075325,0.012605380388707399
1970,3,1970.2083333333333,88.65,3.17,38.2,7.07,16.531690813943623,-0.02747696935514199,-0.03505507089263438,-0.016184143480241626,-0.023850241063512412
1970,4,1970.2916666666667,85.95,3.17333,38.5,7.39,15.873067819354068,-0.11199017839829362,-0.11429072197757273,-0.028876177934499637,-0.03139204275850349
1970,5,1970.375,76.06,3.17667,38.6,7.91,13.983836060789194,-0.002698889034972285,-0.007839616411080552,0.0113228107702984,0.006109806591070077
1970,6,1970.4583333333333,75.59,3.18,38.8,7.84,13.799691797725185,0.005225558936367225,7.055607002670605e-05,0.03266454774534183,0.02736883211587826
1970,7,1970.5416666666667,75.72,3.18333,39.0,7.46,13.726499744359776,0.0325578116745906,0.0325578116745906,0.0014183848909162982,0.001418384890916391
1970,8,1970.625,77.92,3.18667,39.0,7.53,14.100456516815452,0.06321298554072552,0.05778842949204832,0.015933166939271683,0.010749834454887752
1970,9,1970.7083333333333,82.58,3.19,39.2,7.39,14.842661145242232,0.024895051263421397,0.019692538312845898,0.010308942424855538,0.005180470635896883
1970,10,1970.7916666666667,84.37,3.17333,39.4,7.33,15.064185404089631,0.0020676089447275725,-0.002993338575195237,0.0407798687040894,0.03552340472073556
1970,11,1970.875,84.28,3.15667,39.6,6.84,14.950761908791737,0.07158348164847328,0.06619864003214926,0.03821691851218652,0.0329997480674018
1970,12,1970.9583333333333,90.05,3.14,39.8,6.39,15.873840687205748,0.041106792522672686,0.041106792522672686,0.016240675462608743,0.016240675462608767
1971,1,1971.0416666666667,93.49,3.13,39.8,6.24,16.46179394349194,0.04151067850393986,0.038900376051548946,0.01471844573142191,0.012175291732094973
1971,2,1971.125,97.11,3.12,39.9,6.11,17.03453478150213,0.028318401812377658,0.02574760580784674,0.0357016039602231,0.03311234995032253
1971,3,1971.2083333333333,99.6,3.11,40.0,5.7,17.402902607188878,0.03673862115127191,0.034153238056131574,-0.004895650638274828,-0.007377207619226778
1971,4,1971.2916666666667,103.0,3.10667,40.1,5.83,17.92411044795961,-0.011078745954692604,-0.015986543741517978,-0.03560716525961068,-0.040393233918371796
1971,5,1971.375,101.6,3.10333,40.3,6.39,17.56415327969939,-0.01595855479002617,-0.023229796996011354,-0.004011738701879677,-0.011371257874033258
1971,6,1971.4583333333333,99.72,3.1,40.6,6.52,17.08316688007071,-0.004629629629629539,-0.007075257075256913,-0.009502046524730925,-0.01193570243007569
1971,7,1971.5416666666667,99.0,3.09667,40.7,6.73,16.889414708693362,-0.015171153198653253,-0.01758494939179367,0.016351323738747044,0.013860266572720992
1971,8,1971.625,97.24,3.09333,40.8,6.58,16.519449443051574,0.024864022007404563,0.024864022007404563,0.03765399474424185,0.0376539947442418
1971,9,1971.7083333333333,99.4,3.09,40.8,6.14,16.856792547836005,-0.01863682092555341,-0.021036241901285613,0.020624238191440776,0.018128824406131727
1971,10,1971.7916666666667,97.29,3.08333,40.9,5.93,16.42886270915948,-0.0437152413745846,-0.04371524137458449,0.013853822437223596,0.01385382243722355
1971,11,1971.875,92.78,3.07667,40.9,5.81,15.63871265432665,0.07163601171229428,0.0664212379326723,-0.0040198027760603655,-0.008866421740653774
1971,12,1971.9583333333333,99.17,3.07,41.1,5.93,16.60355721292534,0.04422540418809451,0.04422540418809451,0.0034661559466109713,0.003466155946610927
1972,1,1972.0416666666667,103.3,3.07,41.1,5.95,17.26299679703518,0.020869635366247197,0.015925956744619052,-0.004573619091688361,-0.009394085827321708
1972,2,1972.125,105.2,3.07,41.3,6.08,17.464147605486176,0.02619613434727497,0.0237173997232476,0.005800240600342457,0.0033707714201485217
1972,3,1972.2083333333333,107.7,3.07,41.4,6.07,17.805643849614945,0.012588981739399374,0.010149008289424888,-0.003694808175581041,-0.006095543577567475
1972,4,1972.2916666666667,108.8,3.07,41.5,6.19,17.915161678498304,-0.007758884803921617,-0.01014407979237375,0.009547313692105333,0.0071205172649608794
1972,5,1972.375,107.7,3.07,41.6,6.13,17.662646200372556,0.005160940885174714,0.0027504829933637787,0.006572709599706413,0.004158866171409814
1972,6,1972.4583333333333,108.0,3.07,41.7,6.11,17.640857315740256,-0.005038580246913615,-0.009787799434279099,0.005091666666667111,0.0002940930787596052
1972,7,1972.5416666666667,107.2,3.07333,41.9,6.11,17.39869003113817,0.03783685478855725,0.035365814658108174,-0.0021957434831654738,-0.004571467903443538
1972,8,1972.625,111.0,3.07667,42.0,6.21,17.943404688029805,-0.012104602102102069,-0.014451146990220654,-0.01920993390546226,-0.02153960152088874
1972,9,1972.7083333333333,109.4,3.08,42.1,6.55,17.613854552912112,0.004174283973186865,-0.0005735849817689598,0.010495227687415055,0.0057174724737629745
1972,10,1972.7916666666667,109.6,3.10333,42.3,6.48,17.53318385415856,0.05254206964720187,0.05005965910558108,0.01992685431658707,0.017521366452633025
1972,11,1972.875,115.1,3.12667,42.4,6.28,18.338894714968063,0.023115167969881334,0.020707838162893344,-0.000555598665839519,-0.002907232551331629
1972,12,1972.9583333333333,117.5,3.15,42.5,6.36,18.645719442073684,0.009893617021276668,0.007522974727799392,-0.001902306131478986,-0.004245258464503743
1973,1,1973.0416666666667,118.4,3.15667,42.6,6.46,18.712530467302436,-0.03325121762387384,-0.04001169861951104,-0.00747220619117946,-0.014412959994038355
1973,2,1973.125,114.2,3.16333,42.9,6.64,17.889889599193758,-0.013453495329830756,-0.02256708890646042,0.000550236836672823,-0.00869272147128719
1973,3,1973.2083333333333,112.4,3.17,43.3,6.71,17.41214205829034,-0.016333036773428344,-0.02310138743783141,0.008444460613797226,0.0015056225820508917
1973,4,1973.2916666666667,110.3,3.18667,43.6,6.67,16.935740066050826,-0.025697589906315987,-0.032355692936568814,-0.007172240503957149,-0.013956940454954991
1973,5,1973.375,107.2,3.20333,43.9,6.85,16.314338759668573,-0.019897908893034888,-0.02655018552950761,0.0021802516835259973,-0.004621876721565776
1973,6,1973.4583333333333,104.8,3.22,44.2,6.9,15.808323047681984,0.01210241730279904,0.009817761733266872,-0.010307607841494235,-0.012541676446818029
1973,7,1973.5416666666667,105.8,3.23667,44.3,7.13,15.889518573988786,-0.016354229678638976,-0.0338024916799049,-0.012676273150153138,-0.030189776065449925
1973,8,1973.625,103.8,3.25333,45.1,7.4,15.278501094706124,0.0199528982016699,0.017696365241046674,0.02784947581869092,0.02557547255360526
1973,9,1973.7083333333333,105.6,3.27,45.2,7.09,15.475308601805564,0.04235321969696959,0.033209770401382066,0.027185146875057395,0.018174750849837773
1973,10,1973.7916666666667,109.8,3.30667,45.6,6.79,15.913516308933389,-0.06852863539769283,-0.0746166835323484,0.009925584721352201,0.0033247639061799728
1973,11,1973.875,102.0,3.34333,45.9,6.73,14.651845159710572,-0.06805283496732029,-0.0741044399350651,0.004897455597127405,-0.0016278525561007617
1973,12,1973.9583333333333,94.78,3.38,46.2,6.74,13.493329686205888,0.0170042906379686,0.008274640074552586,-0.011950406679935903,-0.020431519068949133
1974,1,1974.0416666666667,96.11,3.4,46.6,6.99,13.530721892513949,-0.024728609579301453,-0.037126127254140884,0.007935975963469209,-0.0048767694936935335
1974,2,1974.125,93.45,3.42,47.2,6.96,12.957321280205388,0.045746388443017594,0.032619864738712145,-0.011589764271231734,-0.023996587313852125
1974,3,1974.2083333333333,97.44,3.44,47.8,7.21,13.310364239140162,-0.04816639299397929,-0.05213236635650442,-0.014574510237389818,-0.018680449778067487
1974,4,1974.2916666666667,92.46,3.46,48.0,7.51,12.550411048540905,-0.0270567452592112,-0.039068390379467854,0.0014709790119212486,-0.010892860235139579
1974,5,1974.375,89.67,3.48,48.6,7.58,11.99543694732966,0.004572320731571544,-0.0036282696417473392,0.009057291362853635,0.0008200889843814618
1974,6,1974.4583333333333,89.79,3.5,49.0,7.54,11.888498820078999,-0.11346846345175776,-0.12064685646024553,-0.01199018136651828,-0.0199902608696233
1974,7,1974.5416666666667,79.31,3.53,49.4,7.81,10.39414180532705,-0.037647627453452626,-0.04919585592401121,-0.008897048184351778,-0.02079028360613966
1974,8,1974.625,76.03,3.56,50.0,8.04,9.824195723141194,-0.10013591126309784,-0.11080623642598608,0.006699999999999665,-0.005237154150197876
1974,9,1974.7083333333333,68.12,3.59,50.6,8.04,8.680421305646334,0.023769328635740772,0.013752016222475127,0.016136633737957887,0.00619400522780178
1974,10,1974.7916666666667,69.44,3.59333,51.1,7.9,8.744983833809584,0.037434391801075106,0.029376648952134765,0.021560977146826758,0.013626522955395126
1974,11,1974.875,71.74,3.59667,51.5,7.68,8.948984512755604,-0.06091828129356014,-0.06815590532983318,0.023615185894065454,0.015726051513379025
1974,12,1974.9583333333333,67.07,3.6,51.9,7.43,8.289060055923082,0.086327717310273,0.08215755332827568,0.0013868099974806017,-0.0024572852424331604
1975,1,1975.0416666666667,72.56,3.62333,52.1,7.5,8.920995508404248,0.10807530549430355,0.09963282697625186,0.013838559737998989,0.006114075473328651
1975,2,1975.125,80.1,3.64667,52.5,7.39,9.762246716166471,0.04973644402829791,0.045752624506368855,-0.016936412834410875,-0.02066720443655734
1975,3,1975.2083333333333,83.78,3.67,52.7,7.73,10.163796767444035,0.014870295217633611,0.011033356483351575,-0.02676345209955423,-0.03044298536193768
1975,4,1975.2916666666667,84.72,3.68333,52.9,8.23,10.23307613660592,0.06712634757632974,0.06110871779676397,0.01823466507306929,0.01249274027002567
1975,5,1975.375,90.1,3.69667,53.2,8.06,10.81813911933581,0.028946235664077058,0.02126753241285262,0.02022198778908298,0.01260839086528387
1975,6,1975.4583333333333,92.4,3.71,53.6,7.86,11.011354609247661,0.004319985569985585,-0.00679794784960841,-0.0068339196938071445,-0.017828378147381252
1975,7,1975.5416666666667,92.49,3.71,54.2,8.06,10.902767048238575,-0.0699625184704653,-0.07167529467954359,-0.015691659973180488,-0.01750438251466624
1975,8,1975.625,85.71,3.71,54.3,8.4,10.089769593328016,-0.008526815229650264,-0.013974470091025926,0.005025441354704945,-0.0004966764549364511
1975,9,1975.7083333333333,84.67,3.71,54.6,8.43,9.918905356559423,0.04971260973977398,0.04397647526032178,0.026361953611261087,0.02075341834562594
1975,10,1975.7916666666667,88.57,3.7,54.9,8.14,10.327599777501112,0.020416995973053353,0.013036041210138016,0.012808810704698161,0.00548288802329
1975,11,1975.875,90.07,3.69,55.3,8.05,10.435859457947897,-0.011796380592872024,-0.015357474716861663,0.01006337403280379,0.00642350601827113
1975,12,1975.9583333333333,88.7,3.68,55.5,8.0,10.250368416256839,0.09545283727921827,0.09348259836324835,0.024319339043936752,0.022477038074433242
1976,1,1976.0416666666667,96.86,3.68333,55.6,7.74,11.18505136262215,0.04178137690136974,0.0380473934716159,0.0030629467393332053,-0.0005322609550728608
1976,2,1976.125,100.6,3.68667,55.8,7.79,11.586092994449693,0.008024080516898513,0.006220817403272516,0.010567210108033957,0.008759397567590144
1976,3,1976.2083333333333,101.1,3.69,55.9,7.73,11.631754403566513,0.010954500494559927,0.00735038462826898,0.01807870266693733,0.01444918857543298
1976,4,1976.2916666666667,101.9,3.71333,56.1,7.56,11.68916413220637,-0.003832736342819776,-0.010885247943932641,-0.01661753907789662,-0.023579538801238864
1976,5,1976.375,101.2,3.73667,56.5,7.9,11.532053585609427,0.009005821805006642,0.0036765657039239397,0.009284397557816685,0.003953670105926843
1976,6,1976.4583333333333,101.8,3.76,56.8,7.86,11.543841631417108,0.0266535690897185,0.02125959236945718,0.008578551657480726,0.0032795400025378285
1976,7,1976.5416666666667,104.2,3.79,57.1,7.83,11.75749048868991,-0.0056062060140755765,-0.010803386122015923,0.01059315192909371,0.005311306187303799
1976,8,1976.625,103.3,3.82,57.4,7.77,11.597986002509254,0.024378831881251894,0.020821960937219774,0.018779731660886857,0.015242302037064226
1976,9,1976.7083333333333,105.5,3.85,57.6,7.59,11.805990949539794,-0.031082148499209983,-0.03610244824791875,0.018731280542975657,0.013452880125654598
1976,10,1976.7916666666667,101.9,3.91667,57.9,7.41,11.345696136316702,-0.0036664458619561913,-0.005384262334608092,0.01449146466320013,0.012742341448263472
1976,11,1976.875,101.2,3.98333,58.0,7.29,11.248855860507968,0.0378650609354414,0.034298514334288654,0.035752128424972385,0.03219284276028178
1976,12,1976.9583333333333,104.7,4.05,58.2,6.87,11.597589726582946,-0.005372492836676179,-0.010473146719564896,-0.01792507940887498,-0.022961361052932006
1977,1,1977.0416666666667,103.8,4.09667,58.5,7.21,11.437961346787558,-0.023686038856775782,-0.03359785572117402,-0.006409309874302831,-0.016496525002482554
1977,2,1977.125,101.0,4.14333,59.1,7.39,11.014841854222778,-0.0005418069306931672,-0.007260853606789408,0.0013446885732265159,-0.005387040425585132
1977,3,1977.2083333333333,100.6,4.19,59.5,7.46,10.895746511662741,-0.011936713055003323,-0.02017057377954501,0.012431177599528848,0.003994251119532999
1977,4,1977.2916666666667,99.05,4.24667,60.0,7.37,10.63603740914136,0.0006450193504963231,-0.004333314079108086,-4.7305167756351435e-05,-0.0050221941967724115
1977,5,1977.375,98.76,4.30333,60.3,7.46,10.548486693556999,0.008997679559875849,0.002348600946631141,0.018697091166671637,0.011984095508242198
1977,6,1977.4583333333333,99.29,4.36,60.7,7.28,10.530023959090757,0.012824386477322314,0.00784328293726988,0.002607825757065754,-0.0023230324023950644
1977,7,1977.5416666666667,100.2,4.40667,61.0,7.33,10.567692447775407,-0.020786202594810455,-0.023986247684369966,0.001281460047490808,-0.0019907015866513778
1977,8,1977.625,97.75,4.45333,61.2,7.4,10.268385666710998,-0.011753341858482536,-0.014972386347542832,0.01031537330066025,0.007024443745935027
1977,9,1977.7083333333333,96.23,4.5,61.4,7.34,10.067742820070704,-0.021978592954380205,-0.025153987133099798,-0.006227403853976347,-0.009453938257047878
1977,10,1977.7916666666667,93.74,4.55667,61.6,7.52,9.766666299556547,0.009811419884787842,0.004917341920887441,0.002163220105456022,-0.0026937906543442747
1977,11,1977.875,94.28,4.61333,61.9,7.58,9.766299983660199,-0.0008013983170698236,-0.004019429240364358,-0.0011687520311162965,-0.004385599850661892
1977,12,1977.9583333333333,93.82,4.67,62.1,7.69,9.67826658253592,-0.03390357422013779,-0.04008659134512893,-0.011741618901244713,-0.018066472540276712
1978,1,1978.0416666666667,90.25,4.71333,62.5,7.96,9.241462260934691,-0.009719916897506953,-0.01601740550229236,0.0019426255142339184,-0.004429028702072846
1978,2,1978.125,88.98,4.75667,62.9,8.03,9.045263570704742,0.002656655053570045,-0.005250731815937604,0.0060218674702453715,-0.0019120589293620815
1978,3,1978.2083333333333,88.82,4.8,63.4,8.04,8.950420077633895,0.048299932447646965,0.040097272569339815,-0.0006314107011339684,-0.008451196219904422
1978,4,1978.2916666666667,92.71,4.83667,63.9,8.15,9.262588720866848,0.05504320821198738,0.0452288527867597,-0.0064191905478732944,-0.015661802728823337
1978,5,1978.375,97.41,4.87333,64.5,8.35,9.63491072859845,0.006735559319713813,-0.004072951286479554,-0.00027203075009336625,-0.011005306493574118
1978,6,1978.4583333333333,97.66,4.91,65.2,8.46,9.549678981041739,-0.0006229094136118718,-0.008228518931012174,-0.004687108355517111,-0.01226178789619048
1978,7,1978.5416666666667,97.19,4.94667,65.7,8.64,9.425524047787361,0.07328143327502845,0.06840288130559657,0.022351805577810153,0.017704751916092887
1978,8,1978.625,103.9,4.98333,66.0,8.41,10.023970854003752,0.00399689605389808,-0.0035519527886124225,0.006349853249545896,-0.0012166870004507446
1978,9,1978.7083333333333,103.9,5.02,66.5,8.42,9.941887473004407,-0.02773500160410658,-0.0364288764034737,-0.00732868799007647,-0.01620503355201308
1978,10,1978.7916666666667,100.6,5.03667,67.1,8.64,9.533608358208832,-0.05437651590457249,-0.05858552251033855,-0.0038018555084989693,-0.008235971878639337
1978,11,1978.875,94.71,5.05333,67.4,8.81,8.92841890229315,0.01922828458804071,0.014711763386025867,-0.00548800104659244,-0.009894996610640083
1978,12,1978.9583333333333,96.11,5.07,67.7,9.01,9.011941819133828,0.0418530850067631,0.03270064209308754,0.0017577780050966824,-0.007042436735797186
1979,1,1979.0416666666667,99.71,5.11333,68.3,9.1,9.25763691913997,-0.010569543342359378,-0.022024599280508594,0.0075833333333335555,-0.004081886155330339
1979,2,1979.125,98.23,5.15667,69.1,9.1,9.003740371045632,0.023411610505955194,0.013148170285981253,0.00630655361290339,-0.003785345921896388
1979,3,1979.2083333333333,100.1,5.2,69.8,9.12,9.070785029660762,0.024309024309024263,0.012702123183709668,0.0037797265072714893,-0.007594548014057345
1979,4,1979.2916666666667,102.1,5.24667,70.6,9.18,9.133063566217412,-0.018930239960822548,-0.03127936980746959,0.0032066541776716957,-0.009421121888900541
1979,5,1979.375,99.73,5.29333,71.5,9.25,8.794383289814954,0.024176384571676923,0.012843865793567222,0.02961507542253385,0.018222377492547404
1979,6,1979.4583333333333,101.7,5.34,72.3,8.91,8.85393776469395,0.014208456243854473,0.003109047693990341,0.004852277625624109,-0.006144737724587901
1979,7,1979.5416666666667,102.7,5.39667,73.1,8.95,8.827498045542361,0.05014335443037976,0.04018264510651437,0.0023309797679351594,-0.007176224647207796
1979,8,1979.625,107.4,5.45333,73.8,9.03,9.127165797215032,0.015404508069521983,0.004515451682717497,-0.011451443192800562,-0.022052500102261008
1979,9,1979.7083333333333,108.6,5.51,74.6,9.33,9.112758990740955,-0.03352516881522405,-0.04123640417042185,-0.05106684907264656,-0.05863812421302439
1979,10,1979.7916666666667,104.5,5.55667,75.2,10.3,8.68184330689931,-0.0032243460925039935,-0.012417270436842043,-0.012335018596229484,-0.021443918292970432
1979,11,1979.875,103.7,5.60333,75.9,10.65,8.518784302983555,0.04403996303439395,0.033150367592053476,0.024586686367805068,0.013899993420031231
1979,12,1979.9583333333333,107.8,5.65,76.7,10.39,8.745204404669291,0.03312461348175644,0.018517453136898787,-0.01569135840441681,-0.029608318632631914
1980,1,1980.0416666666667,110.9,5.7,77.8,10.8,8.850934180729109,0.043958521190261335,0.02940396639546683,-0.08046195390603861,-0.09328187596818516
1980,2,1980.125,115.3,5.75,78.9,12.41,9.054476092192516,-0.08777825961260466,-0.1014445029142883,-0.00829337862670823,-0.02315040666226298
1980,3,1980.2083333333333,104.7,5.8,80.1,12.75,8.081150900785497,-0.01162050302451445,-0.022602497435353253,0.08454431442336341,0.07249382204088173
1980,4,1980.2916666666667,103.0,5.84667,81.0,11.47,7.844024504719218,0.05036138349514574,0.040088900526978,0.08821401660037353,0.07757133673142125
1980,5,1980.375,107.7,5.89333,81.8,10.18,8.104225807176494,0.06862684153512832,0.05699728703232765,0.0332956172706173,0.02205056218544743
1980,6,1980.4583333333333,114.6,5.94,82.7,9.78,8.512077962306742,0.04969458987783604,0.04969458987783604,-0.020421896882896744,-0.02042189688289686
1980,7,1980.5416666666667,119.8,5.98333,82.7,10.25,8.880865527295843,0.035046835002782384,0.027591515663026422,-0.04130759334851519,-0.04821294081539251
1980,8,1980.625,123.5,6.02667,83.3,11.1,9.07100598161838,0.028358076923076903,0.01978842628205113,-0.014388066084725074,-0.02260149886735241
1980,9,1980.7083333333333,126.5,6.07,84.0,11.51,9.196040131743239,0.03324769433465069,0.02350007457677661,-0.00410877592478409,-0.013503976151908681
1980,10,1980.7916666666667,130.2,6.1,84.8,11.75,9.357841046757112,0.04614695340501784,0.037582007587666943,-0.04132444172379588,-0.049173247464068925
1980,11,1980.875,135.7,6.13,85.5,12.68,9.654043663233388,-0.012447801522967317,-0.021602398959602587,0.0018288745020953994,-0.007458067555861536
1980,12,1980.9583333333333,133.5,6.16,86.3,12.84,9.389902084921742,9.987515605480723e-05,-0.007946905448649066,0.025606135526901788,0.017354132137604728
1981,1,1981.0416666666667,133.0,6.2,87.0,12.57,9.259404530877953,-0.030701754385964786,-0.04062630980180815,-0.022913781831834693,-0.03291807758099685
1981,2,1981.125,128.4,6.24,87.9,13.19,8.829899353831305,0.04143302180685349,0.034372458947146134,0.0147718898405073,0.007892080417859937
1981,3,1981.2083333333333,133.2,6.28,88.5,13.12,9.081096883854622,0.012937937937938182,0.006116807042733319,-0.018645400513262488,-0.02525384899465455
1981,4,1981.2916666666667,134.4,6.31667,89.1,13.68,9.08556123078874,-0.0161726996527779,-0.023841732060829735,-0.010422454974794514,-0.018136311116416337
1981,5,1981.375,131.7,6.35333,89.8,14.1,8.818483466548065,0.00857588585168334,-0.00032986148475533383,0.045302703064719355,0.03607265712154306
1981,6,1981.4583333333333,132.3,6.39,90.6,13.47,8.765340744304927,-0.020162509448223842,-0.03085942528394192,-0.03056787173620805,-0.04115119191376038
1981,7,1981.5416666666667,129.1,6.43333,91.6,14.28,8.44531946787551,0.00802564549444873,0.0003808139468202132,-0.021299763801132875,-0.02872219246136265
1981,8,1981.625,129.6,6.47667,92.3,14.94,8.399806316566439,-0.08302683256172838,-0.09188172366360015,-0.006390989645942606,-0.01598592644120711
1981,9,1981.7083333333333,118.3,6.52,93.2,15.32,7.581163051923156,0.017272471118624955,0.015094157475972647,0.02125001937600509,0.01906318849939681
1981,10,1981.7916666666667,119.8,6.55667,93.4,15.15,7.649141713319213,0.03043730523094057,0.027138146302773336,0.10665664725135582,0.10311345627829915
1981,11,1981.875,122.9,6.59333,93.7,13.39,7.810752565716109,0.011793687279630927,0.008564558490440577,-0.0062446091570700826,-0.009416168915079348
1981,12,1981.9583333333333,123.8,6.63,94.0,13.72,7.8325621371418945,-0.04804119547657515,-0.05106969644536652,-0.03292100330053323,-0.035997606683458305
1982,1,1982.0416666666667,117.3,6.66,94.3,14.59,7.388659973375994,-0.019138959931798705,-0.02224951291298749,0.02036593201935239,0.01713009925396336
1982,2,1982.125,114.5,6.69,94.6,14.43,7.181823450546731,-0.027445414847161564,-0.026416256555994666,0.041920022029612584,0.04302258289948524
1982,3,1982.2083333333333,110.8,6.72,94.5,13.86,6.950673793536031,0.05469314079422394,0.050247648103837195,0.011025731230255126,0.0067642950606860985
1982,4,1982.2916666666667,116.3,6.75,94.9,13.87,7.259072625426146,0.005696474634565796,-0.0037516133317296863,0.02479434039605887,0.015166836154342223
1982,5,1982.375,116.4,6.78,95.8,13.62,7.192612484464621,-0.052706185567010344,-0.06442528430226391,-0.023708186628698086,-0.035786023495147146
1982,6,1982.4583333333333,109.7,6.81,97.0,14.3,6.692133988197588,0.0024384685505924875,-0.002702241544538797,0.03020875165777346,0.024925629854400055
1982,7,1982.5416666666667,109.4,6.82333,97.5,13.95,6.638653100208757,0.007939769957343135,0.005876433683121407,0.0598029815280654,0.057633476959942476
1982,8,1982.625,109.7,6.83667,97.7,13.06,6.643422752166089,0.12096374202370108,0.11867372416461275,0.051004937693928755,0.04885783874051941
1982,9,1982.7083333333333,122.4,6.85,97.9,12.34,7.398838200323304,0.08881399782135047,0.08548768214572511,0.09481811701481893,0.0914734588161994
1982,10,1982.7916666666667,132.7,6.85667,98.2,10.91,7.999840994534585,0.044999164782717926,0.047131816139417415,0.03069897536796845,0.03280244266463783
1982,11,1982.875,138.1,6.86333,98.0,10.55,8.347476938155424,0.013554990345160611,0.01770890424001803,0.009392124197682565,0.013528977165706113
1982,12,1982.9583333333333,139.4,6.87,97.6,10.54,8.467738401400473,0.03925753228120521,0.03713226125404523,0.013603331244808026,0.011530522796454612
1983,1,1983.0416666666667,144.3,6.88333,97.8,10.46,8.75678322413474,0.02130014437514438,0.020256936873228826,-0.006776788630547242,-0.007791316936338388
1983,2,1983.125,146.8,6.89667,97.9,10.72,8.910493436624117,0.03865614782016347,0.03865614782016347,0.021558997086168583,0.021558997086168485
1983,3,1983.2083333333333,151.9,6.91,97.9,10.51,9.232829705190523,0.041973886328724896,0.03457650579697935,0.015402757491120099,0.008194015805077948
1983,4,1983.2916666666667,157.7,6.92,98.6,10.4,9.53158128416041,0.044240118368209735,0.037924149910337546,0.009875772408582352,0.0037676528174013235
1983,5,1983.375,164.1,6.93,99.2,10.38,9.874456504668396,0.017535039609993808,0.014467094766948518,-0.019204353191861027,-0.022161525996307607
1983,6,1983.4583333333333,166.4,6.94,99.5,10.85,10.00011790313002,0.00708133012820511,0.003048972450014009,-0.02168009289411194,-0.025597289719360816
1983,7,1983.5416666666667,167.0,6.96,99.9,11.38,10.014475995571022,-0.02407185628742503,-0.026993796837462614,-0.017236570723873475,-0.020178976200748155
1983,8,1983.625,162.4,6.98,100.2,11.85,9.728056935665206,0.03313834154351403,0.028008558318372456,0.021339205683917152,0.016268008039012072
1983,9,1983.7083333333333,167.2,7.0,100.7,11.65,9.984202458028776,0.006479266347687362,0.0034897239723972184,0.01604238088444533,0.013024433218451925
1983,10,1983.7916666666667,167.7,7.03,101.0,11.54,10.003391799449624,-0.011414231763068883,-0.013367958577766403,0.0010326911799326023,-0.0009456342967075759
1983,11,1983.875,165.2,7.06,101.2,11.69,9.853581649364278,-0.0012812752219530932,-0.0022671772207466523,0.0017760024986042296,0.0007870824566511558
1983,12,1983.9583333333333,164.4,7.09,101.3,11.83,9.81501090360867,0.01575932684509329,0.009778408335701094,0.019022130927839363,0.01302200061815606
1984,1,1984.0416666666667,166.4,7.12,101.9,11.67,9.894931809202534,-0.0511217948717948,-0.055754989232772334,5.638211735849337e-05,-0.0048267056859490065
1984,2,1984.125,157.3,7.15,102.4,11.84,9.32452964572798,0.004423606696333904,0.0024656659425399408,-0.016902803835276668,-0.018819172638716575
1984,3,1984.2083333333333,157.4,7.18,102.6,12.32,9.326747066508243,0.005072003388394641,0.00019774537002215098,-0.006806401190102319,-0.01162305297870514
1984,4,1984.2916666666667,157.6,7.22333,103.1,12.63,9.305643404594822,-0.0025257349830795084,-0.005419760897055204,-0.03111513516226528,-0.03392621310666888
1984,5,1984.375,156.6,7.26667,103.4,13.41,9.231831816896046,-0.018483040655598026,-0.021322530412621332,0.0032145955571281724,0.00031233539640362906
1984,6,1984.4583333333333,153.1,7.31,103.7,13.56,9.010185512291006,-0.00908447637709564,-0.01289202882137186,0.021998119675696114,0.01807113362506918
1984,7,1984.5416666666667,151.1,7.33333,104.1,13.36,8.868302214043299,0.09206559121994262,0.08788543584685193,0.04625341601052602,0.042248618245892544
1984,8,1984.625,164.4,7.35667,104.5,12.72,9.623063257373168,0.014069682684509255,0.009240779433630664,0.02166391017966479,0.016798843940713848
1984,9,1984.7083333333333,166.1,7.38,105.0,12.52,9.68734131362808,-0.0041240216736904145,-0.006961275173195558,0.030641603139327997,0.02770530227568324
1984,10,1984.7916666666667,164.8,7.43,105.3,12.16,9.595070703048505,0.012859021035598772,0.012859021035598772,0.04406471808318436,0.04406471808318435
1984,11,1984.875,166.3,7.48,105.3,11.57,9.691973221783089,-0.007075566245740683,-0.007075566245740683,0.013679106184459562,0.013679106184459666
1984,12,1984.9583333333333,164.5,7.53,105.3,11.5,9.59505480113346,0.04697568389057749,0.04499089586424465,0.016539203422566928,0.01461211488527292
1985,1,1985.0416666666667,171.6,7.57333,105.5,11.38,9.997001177730452,0.05787360625485638,0.05288363641403149,0.001988336769884127,-0.0027380233092191286
1985,2,1985.125,180.9,7.61667,106.0,11.51,10.49493517260708,-0.004783181315643925,-0.008524597927239363,-0.01029796244908021,-0.01401864680077547
1985,3,1985.2083333333333,179.4,7.66,106.4,11.86,10.37321721492473,0.010247120029728496,0.00552192302304122,0.034756838183418994,0.029917002644675117
1985,4,1985.2916666666667,180.6,7.68667,106.9,11.43,10.39711871981682,0.027356344592100568,0.023526498013938246,0.04389845713038109,0.040006943776679904
1985,5,1985.375,184.9,7.71333,107.3,10.85,10.608120467860097,0.02510966738777709,0.022251554932235074,0.05114932479463735,0.04821861106379721
1985,6,1985.4583333333333,188.9,7.74,107.6,10.16,10.810049845861215,0.0224722075172048,0.020575227540364116,-0.0006287090416238882,-0.002482830175127515
1985,7,1985.5416666666667,192.5,7.77333,107.8,10.31,10.997563956793382,-0.018453103896103884,-0.02027078333333332,0.007379983349513845,0.005514464861829493
1985,8,1985.625,188.3,7.80667,108.0,10.33,10.738799808877284,-0.01884994246769356,-0.021567809663073922,0.006189092196435158,0.0034018647942291036
1985,9,1985.7083333333333,184.1,7.84,108.3,10.37,10.47123466169755,0.014955640050697161,0.011220752690805025,0.01654790734687795,0.012807160677708262
1985,10,1985.7916666666667,186.2,7.86,108.7,10.24,10.552516982943748,0.06420515574650909,0.061276150730693146,0.037067459861209795,0.03421314575150003
1985,11,1985.875,197.5,7.88,109.0,9.78,11.164611128667467,0.05294514767932501,0.0500550878046333,0.041143276207836206,0.0382856093929933
1985,12,1985.9583333333333,207.3,7.9,109.3,9.26,11.690521474467593,0.00751728573725674,0.004759482947830129,0.012171699862364067,0.009401156888288353
1986,1,1986.0416666666667,208.2,7.94,109.6,9.19,11.715007584487983,0.056972462375920685,0.0598735761793312,0.03952439986662239,0.042377623288031074
1986,2,1986.125,219.4,7.98,109.3,8.7,12.388219099418121,0.061827711941659036,0.06670743488256736,0.06960004491242747,0.07451548629529703
1986,3,1986.2083333333333,232.3,8.02,108.8,7.78,13.189022981532718,0.027414263165446817,0.029306370464094122,0.03973392939517922,0.041648724845262386
1986,4,1986.2916666666667,238.0,8.04667,108.6,7.3,13.552504172869476,0.004918301820728388,0.002149931843260733,-0.021791520861702437,-0.02448631006043056
1986,5,1986.375,238.5,8.07333,108.9,7.71,13.560046199232337,0.0313324004192872,0.025681263978633684,0.0003310672464825609,-0.005150198875416123
1986,6,1986.4583333333333,245.3,8.1,109.5,7.8,13.888688626457117,-0.018039135752140334,-0.018039135752140223,0.041136037564422794,0.041136037564422745
1986,7,1986.5416666666667,240.2,8.14333,109.5,7.3,13.619995534083808,0.02280853802386895,0.02094380048872968,0.015142668098890092,0.013291906625601424
1986,8,1986.625,245.0,8.18667,109.7,7.17,13.887667550866055,-0.02456235714285715,-0.028988117772880462,-0.013288382571885755,-0.017765295536623205
1986,9,1986.7083333333333,238.3,8.23,110.2,7.45,13.467314312977132,-0.0008987270946986259,-0.0018045306059455424,0.007585548204858312,0.006672052694246533
1986,10,1986.7916666666667,237.4,8.24667,110.3,7.43,13.425918860857362,0.03532949663016005,0.03439169817306742,0.018689297919323014,0.017766572105990086
1986,11,1986.875,245.1,8.26333,110.4,7.25,13.872985596138603,0.017089395484836123,0.016168952592994668,0.015824876526422782,0.014905577995629749
1986,12,1986.9583333333333,248.6,8.28,110.5,7.11,14.085139814743314,0.06673370876910711,0.060018658444121575,0.008024304523914158,0.001678827786803172
1987,1,1987.0416666666667,264.5,8.3,111.2,7.08,14.92220810371895,0.06461877756773782,0.060802939655308696,-0.005903318405286589,-0.009466388948636717
1987,2,1987.125,280.9,8.32,111.6,7.25,15.822318142836455,0.04376409161030037,0.03910858718741772,0.0060416666666666665,0.0015544157002675973
1987,3,1987.2083333333333,292.5,8.34,112.1,7.25,16.433343976069928,-0.00856410256410256,-0.013842377084613222,-0.04557938340384121,-0.05066059343008522
1987,4,1987.2916666666667,289.3,8.4,112.7,8.02,16.19653445322088,0.001728309713100673,-0.0018144959799606397,-0.031839601948815785,-0.035263688237237245
1987,5,1987.375,289.1,8.46,113.1,8.61,16.160311952655743,0.04498443445174649,0.04130166992504436,0.021015437042257792,0.01741714475312195
1987,6,1987.4583333333333,301.4,8.52,113.5,8.4,16.825207307878724,0.031220968812209815,0.028502460107080907,0.0037120045686852505,0.001066015101456541
1987,7,1987.5416666666667,310.1,8.56667,113.8,8.45,17.306004390512225,0.06454011340427801,0.05895686106124853,-0.013064974813575107,-0.018241207463154385
1987,8,1987.625,329.4,8.61333,114.4,8.76,18.32690724585634,-0.030304257741347818,-0.035363539874871175,-0.03428461605300956,-0.039323131099689435
1987,9,1987.7083333333333,318.7,8.66,115.0,9.42,17.67562044993822,-0.11853885576822498,-0.12083233662919224,0.0015766587643196491,-0.0010293516227514177
1987,10,1987.7916666666667,280.2,8.71,115.3,9.52,15.530055563627315,-0.1230341422793243,-0.12379407803124864,0.05055214121408434,0.04964178407265085
1987,11,1987.875,245.0,8.76,115.4,8.86,13.590885143189084,-0.013346938775510298,-0.013346938775510298,-0.0009632951875738404,-0.000963295187573876
1987,12,1987.9583333333333,241.0,8.81,115.4,8.99,13.389028514426965,0.04246542185338864,0.03976240001625797,0.028329869466716,0.02566349988296479
1988,1,1988.0416666666667,250.5,8.85667,115.7,8.67,13.898336683569138,0.033285652029274804,0.030613361549888696,0.037801131446315105,0.03511716300291945
1988,2,1988.125,258.1,8.90333,116.0,8.21,14.298270962469523,0.03232058956476802,0.027890029094532975,-0.0037175729647433665,-0.007993463209529872
1988,3,1988.2083333333333,265.7,8.95,116.5,8.37,14.668946811103458,-0.008860243382260546,-0.013938670828636535,-0.01576630531822294,-0.02080934730634476
1988,4,1988.2916666666667,262.6,9.04333,117.1,8.72,14.433316420838946,-0.02188267009393252,-0.025212431217017106,-0.016384889404562928,-0.019733366376802786
1988,5,1988.375,256.1,9.13667,117.5,9.09,14.031891348027774,0.059981995965117774,0.05549054682967225,0.018523540848720654,0.014207763133259999
1988,6,1988.4583333333333,270.7,9.23,118.0,8.92,14.76646864787962,-0.0030692033000860874,-0.007275662357891677,-0.0015277076437941323,-0.005740670902681155
1988,7,1988.5416666666667,269.1,9.30667,118.5,9.06,14.608315717522101,-0.017184853833767,-0.021314329237826724,-0.0051397216183987635,-0.009319806821682874
1988,8,1988.625,263.7,9.38333,119.0,9.26,14.244946310675651,0.019271688155732658,0.012465199420135242,0.02570193799214245,0.018852509357804248
1988,9,1988.7083333333333,268.0,9.46,119.8,8.98,14.369428776140163,0.038016169154228896,0.034561872418274575,0.019137509852602368,0.015746037274057878
1988,10,1988.7916666666667,277.4,9.55,120.2,8.8,14.811450153277727,-0.02020247536649833,-0.021016937149236026,-0.0029530225309374013,-0.003781823010961527
1988,11,1988.875,271.0,9.64,120.3,8.96,14.445530680872888,0.023259532595325982,0.02156117652462841,-0.002113385289780843,-0.00376962863369823
1988,12,1988.9583333333333,276.5,9.75,120.5,9.11,14.702086748571997,0.03512658227848098,0.029997961722187938,0.008870129157003696,0.00387159837670481
1989,1,1989.0416666666667,285.4,9.81333,121.1,9.09,15.088072442713283,0.032998519621583844,0.028750992813929344,0.0024790690068479124,-0.0016429666387394182
1989,2,1989.125,294.0,9.89667,121.6,9.17,15.467060462734754,-0.0016165901360544188,-0.007330967788587217,-0.004361020295121078,-0.01005968984371819
1989,3,1989.2083333333333,292.7,10.01,122.3,9.36,15.298969108882357,0.03564798997836238,0.028917540002873388,0.01926082047818253,0.012636867136325947
1989,4,1989.2916666666667,302.3,10.0867,123.1,9.18,15.686742656144583,0.04115302128128784,0.03526604943236289,0.028313664427030604,0.022499289910884235
1989,5,1989.375,313.9,10.1933,123.8,8.86,16.186353538544548,0.03392622385048316,0.03142680509822582,0.04581504098041037,0.04328688213839493
1989,6,1989.4583333333333,323.7,10.37,124.1,8.28,16.64190423580859,0.028001750592111962,0.02552264669197002,0.02433048443939177,0.02186023407498805
1989,7,1989.5416666666667,331.9,10.4233,124.4,8.02,17.013407650499122,0.04690752736768111,0.045227097949755546,0.0006741087650824068,-0.000932109708055795
1989,8,1989.625,346.6,10.5467,124.6,8.11,17.73425143657732,0.004555371225235527,0.0013407940373146854,0.0014359695629012842,-0.0017686255397000306
1989,9,1989.7083333333333,347.3,10.73,125.0,8.19,17.71422067897908,0.002862558786831615,-0.0019281859207487262,0.018897700594223386,0.014030354890747887
1989,10,1989.7916666666667,347.4,10.7967,125.6,8.01,17.64085385279795,-0.018135506620610253,-0.020475136072666156,0.01612444755322852,0.013703181991147728
1989,11,1989.875,340.2,10.9233,125.9,7.87,17.242369266947428,0.027367063492063526,0.025737615334264996,0.00858596652060395,0.006986305986868002
1989,12,1989.9583333333333,348.6,11.06,126.1,7.84,17.650212904947328,-0.022112258558041664,-0.032090704899286226,-0.018060511525659743,-0.02808030222437763
1990,1,1990.0416666666667,339.97,11.14,127.4,8.21,17.048843606878272,-0.025271837711170697,-0.02984087597189955,-0.01024066529222908,-0.014880162173671718
1990,2,1990.125,330.45,11.23,128.0,8.47,16.508093516490288,0.027071669945024412,0.021485421545945016,-0.0007838081770277774,-0.006218550479095031
1990,3,1990.2083333333333,338.46,11.32,128.7,8.59,16.83374823348095,0.0019598573932912977,0.00040522611727378255,-0.005796481218488014,-0.0073390778341304586
1990,4,1990.2916666666667,338.18,11.4367,128.9,8.79,16.813913898735773,0.03850925049776244,0.03609785130930043,0.009270804014217732,0.006927295955361457
1990,5,1990.375,350.25,11.5533,129.2,8.76,17.39241358864501,0.03169957173447546,0.026139989746683634,0.02568815752870815,0.020160969612849078
1990,6,1990.4583333333333,360.39,11.66,129.9,8.48,17.817082821653013,0.0016972354023880865,-0.0021436282302897958,0.007723679434316622,0.0038597082708415886
1990,7,1990.5416666666667,360.03,11.7267,130.4,8.47,17.74717158707024,-0.07861226842207591,-0.08701398026017237,-0.0111105475349072,-0.020127776584740742
1990,8,1990.625,330.75,11.7833,131.6,8.75,16.168334756508976,-0.04341060720584522,-0.05134013495319689,-0.0017367203426022241,-0.010011698546242953
1990,9,1990.7083333333333,315.41,11.83,132.7,8.89,15.30128544352263,-0.02315768893398018,-0.02901142562950698,0.018454110202184997,0.01235101441071107
1990,10,1990.7916666666667,307.12,11.9267,133.5,8.72,14.818147965500804,0.02983814686984476,0.027529092728880933,0.02902564266508603,0.026718410282428717
1990,11,1990.875,315.29,12.0133,133.8,8.39,15.187607599503192,0.04586605453180659,0.04586605453180659,0.027718068608269357,0.02771806860826942
1990,12,1990.9583333333333,328.75,12.09,133.8,8.08,15.846314974728767,-0.00685171102661597,-0.01275452403685895,0.006065040595331603,8.545640160018131e-05
1991,1,1991.0416666666667,325.49,12.1067,134.6,8.09,15.606190118802362,0.1160677491371982,0.11441186226904199,0.022955389528671176,0.021437651562011384
1991,2,1991.125,362.26,12.1133,134.8,7.85,17.35466474520511,0.03044620346344229,0.028919616495348244,-0.010818315419392155,-0.012283769766918917
1991,3,1991.2083333333333,372.28,12.11,135.0,8.11,17.818620083397377,0.022588284803553016,0.02107558024023426,0.011446927708280617,0.009950704442440284
1991,4,1991.2916666666667,379.68,12.13,135.2,8.04,18.155345895198014,-0.001788787048742857,-0.004733362898156623,0.00469331592043483,0.0017296188233242304
1991,5,1991.375,377.99,12.14,135.6,8.07,18.03543091100405,0.0034701094385212183,0.0005187267637021264,-0.007189928630837985,-0.010109958252512041
1991,6,1991.4583333333333,378.29,12.15,136.0,8.28,18.01522704468833,0.007804858706283557,0.0063249690459219465,0.007562912582511055,0.006083378202801137
1991,7,1991.5416666666667,380.23,12.1933,136.2,8.27,18.103452345519745,0.026789333648931546,0.023782629890076512,0.03183134154555504,0.028809873488320648
1991,8,1991.625,389.4,12.2367,136.6,7.9,18.512258455337715,-0.003031009244992333,-0.007390931945086998,0.023626619322519363,0.019150118071838085
1991,9,1991.7083333333333,387.2,12.28,137.2,7.65,18.35728259177432,0.0018164600550962806,0.00035821193274521157,0.014600625901288057,0.013123769095026994
1991,10,1991.7916666666667,386.88,12.2533,137.4,7.53,18.34918799200198,0.00015795164736709388,-0.0027452644677197213,0.013853147621870145,0.010910177672314614
1991,11,1991.875,385.92,12.2267,137.8,7.42,18.288868169301338,0.009351398389994436,0.008619453938660149,0.029265033398391163,0.028518648312533257
1991,12,1991.9583333333333,388.51,12.2,137.9,7.09,18.441652313512723,0.07358025962437686,0.07202547286170602,0.010116644492859914,0.0086537673828051
1992,1,1992.0416666666667,416.08,12.24,138.1,7.03,19.77306821146264,-0.006008459911555519,-0.00959428797825268,-0.015576650942296509,-0.01912796172533293
1992,2,1992.125,412.56,12.28,138.6,7.34,19.582982970386738,-0.010123779975437897,-0.015098032337370393,-0.0075864568142648345,-0.012573459543841481
1992,3,1992.2083333333333,407.36,12.32,139.3,7.54,19.283561861298548,0.0026430348258705827,0.00120555377235676,0.010405545586970402,0.00895693548577059
1992,4,1992.2916666666667,407.41,12.32,139.5,7.48,19.301229507881043,0.020683504741333403,0.019222254197680755,0.012442154937150528,0.010992703033160245
1992,5,1992.375,414.81,12.32,139.7,7.39,19.66227979564169,-0.013291225701727027,-0.016810158562990507,0.015180255062777159,0.011559783397075307
1992,6,1992.4583333333333,408.27,12.32,140.2,7.26,19.3153659676446,0.019121333104726412,0.01694527331873763,0.03576845888921942,0.033556853638922135
1992,7,1992.5416666666667,415.05,12.3433,140.5,6.84,19.620740694824406,0.009417198731076715,0.006551571481307805,0.02359662446146023,0.020690743341626572
1992,8,1992.625,417.93,12.3667,140.9,6.59,19.722137498351525,0.0037818733599725984,0.0009403110857759689,0.01775856172389533,0.014877433452914701
1992,9,1992.7083333333333,418.48,12.4,141.3,6.42,19.708766424745303,-0.011820556936213533,-0.015304969640951849,-0.006819704633793854,-0.010321750809274222
1992,10,1992.7916666666667,412.5,12.3867,141.8,6.59,19.37027107690697,0.027569030303030262,0.026121749978659903,-0.014293085616648112,-0.015681405214371114
1992,11,1992.875,422.84,12.3833,142.0,6.87,19.833656038801234,0.032711999022482896,0.03343977351087091,0.012823866613149291,0.013537625504349338
1992,12,1992.9583333333333,435.64,12.39,141.9,6.77,20.448606721242964,0.0014289321458085258,-0.0034869181522423354,0.017805690860381317,0.012809449741151058
1993,1,1993.0416666666667,435.23,12.4133,142.6,6.6,20.32341080299571,0.01724247332827855,0.013688166992400497,0.030218908335088054,0.02661926155544081
1993,2,1993.125,441.7,12.4467,143.1,6.26,20.545336792900446,0.021501528186552044,0.017944767990916377,0.02584445179797614,0.022272570002022096
1993,3,1993.2083333333333,450.16,12.48,143.6,5.98,20.855200148690912,-0.013417451572774186,-0.016157958651738635,0.00572038927591722,0.0029267215279284997
1993,4,1993.2916666666667,443.08,12.4933,144.0,5.97,20.457362016642186,0.00724724278535116,0.005850228578991423,-0.00016731133302078875,-0.0015540418304783588
1993,5,1993.375,445.25,12.5067,144.2,6.04,20.517605633764866,0.00865182481751825,0.00725480012940527,0.010932577535259669,0.009532393909864378
1993,6,1993.4583333333333,448.06,12.52,144.4,5.96,20.60835701296019,0.0006100373461888076,0.0006100373461888076,0.01610686137986283,0.016106861379862725
1993,7,1993.5416666666667,447.29,12.52,144.4,5.81,20.564596413297142,0.01762465812634595,0.01481354028621773,0.014556528120794478,0.01175388577791936
1993,8,1993.625,454.13,12.52,144.8,5.68,20.812227546627383,0.013549717775380055,0.01145416356909057,0.029016537540207908,0.026889005071137895
1993,9,1993.7083333333333,459.24,12.52,145.1,5.36,20.993501005229128,0.012419069186772269,0.00824987603981242,0.006746507917529557,0.0026006746659816837
1993,10,1993.7916666666667,463.9,12.54,145.7,5.33,21.109178247475118,7.544729467556799e-05,-0.0006104755086816516,-0.024647328472297902,-0.02531629463932661
1993,11,1993.875,462.89,12.56,145.8,5.72,21.037901189606373,0.00887179819539563,0.00887179819539563,0.001046187872034557,0.0010461878720344764
1993,12,1993.9583333333333,465.95,12.58,145.8,5.77,21.164732079814645,0.01735880101584586,0.014575329604038068,0.00629794403824316,0.003544734889027845
1994,1,1994.0416666666667,472.99,12.6233,146.2,5.75,21.41197491382654,-0.0007570103666745265,-0.004162746527660577,-0.011423564070190823,-0.01479294524241237
1994,2,1994.125,471.58,12.6667,146.7,5.97,21.263840187313026,-0.014238181573999364,-0.017586557315935614,-0.03172237315116417,-0.03501135965540625
1994,3,1994.2083333333333,463.81,12.71,147.2,6.48,20.833375889460406,-0.033463774677849334,-0.03477522138792011,-0.02906332600909596,-0.03038074347719777
1994,4,1994.2916666666667,447.23,12.7533,147.4,6.97,20.055250085063847,0.010582418442412145,0.009897277819739259,-0.00881924254486463,-0.009491229499071552
1994,5,1994.375,450.9,12.7967,147.5,7.18,20.196492421281455,0.011080930731130367,0.007665116775957603,0.011576317065018375,0.008158829507366239
1994,6,1994.4583333333333,454.83,12.84,148.0,7.1,20.29076369067031,-0.005188751841347372,-0.007870183777085149,-0.007937748359102006,-0.010611770600721715
1994,7,1994.5416666666667,451.4,12.87,148.4,7.3,20.067951816142152,0.03082077979618969,0.026669823635936618,0.010251124975907303,0.006182999640433895
1994,8,1994.625,464.24,12.9,149.0,7.24,20.535549404755642,0.008174651042564207,0.005475388255301583,-0.009095264484145216,-0.011748289211095275
1994,9,1994.7083333333333,466.96,12.92,149.4,7.46,20.576450100818864,-0.004440066244075114,-0.005105992621169397,-0.012793903585777016,-0.01345424211180657
1994,10,1994.7916666666667,463.81,13.0133,149.5,7.74,20.395759282410253,-0.0036988386048885102,-0.005029902280767051,-0.008338849968915717,-0.009663714564815629
1994,11,1994.875,461.01,13.0967,149.7,7.96,20.20947302039405,-0.01025706239199442,-0.01025706239199442,0.016785285944361194,0.016785285944361128
1994,12,1994.9583333333333,455.19,13.17,149.7,7.81,19.911484108090335,0.02451174234934861,0.02042187511442095,0.008541486971781472,0.0045153732513349976
1995,1,1995.0416666666667,465.25,13.18,150.3,7.78,20.219119422457304,0.03819093677234475,0.034062940999890046,0.02779116306220513,0.023704518278657716
1995,2,1995.125,481.92,13.18,150.9,7.47,20.802571764332683,0.025581700973882127,0.02219470724543471,0.025014585265721166,0.021629464442518564
1995,3,1995.2083333333333,493.15,13.17,151.4,7.2,21.15273730203699,0.03215553077157063,0.02875804712847785,0.015805800142295597,0.012462133914045825
1995,4,1995.2916666666667,507.91,13.2433,151.9,7.06,21.64273926187965,0.033477601018552905,0.0314405229613548,0.0366081161274586,0.0345648675411363
1995,5,1995.375,523.81,13.3067,152.2,6.63,22.19542669801995,0.031784218832528355,0.029754479385644572,0.039110376994129226,0.037066225432829336
1995,6,1995.4583333333333,539.35,13.36,152.5,6.17,22.71835675952061,0.03547479991347613,0.03547479991347613,-0.0028481032074559208,-0.0028481032074558765
1995,7,1995.5416666666667,557.37,13.44,152.5,6.28,23.376412691512137,0.005131241365699646,0.0025017286348540946,-0.009870277406505125,-0.01246054482990211
1995,8,1995.625,559.11,13.51,152.9,6.49,23.28407025623054,0.037176643832758094,0.03514561907329461,0.026551787128859736,0.02454156822456044
1995,9,1995.7083333333333,578.77,13.58,153.2,6.2,23.94600707529987,0.009125674562721953,0.005842897482166487,0.0169205211421425,0.013612386720730285
1995,10,1995.7916666666667,582.92,13.65,153.7,6.04,23.92676276408328,0.02358385370205185,0.024250249440139093,0.0131563469891679,0.013815953985905738
1995,11,1995.875,595.53,13.72,153.6,5.93,24.34758688111482,0.03389137966741118,0.03456492454015869,0.021358674403612766,0.022024054647523883
1995,12,1995.9583333333333,614.57,13.79,153.5,5.71,25.027380664939116,0.0016257979834137792,-0.004212694362344616,0.009248545967291879,0.0033656205050474064
1996,1,1996.0416666666667,614.42,13.8933,154.4,5.65,24.76246519464403,0.05904393574427913,0.05562545951527875,-0.007174541027409978,-0.010379271366249943
1996,2,1996.125,649.54,13.9967,154.9,5.81,25.97606555059339,-0.00200697160041452,-0.007134745670547171,-0.02858582461870892,-0.03357703425457925
1996,3,1996.2083333333333,647.07,14.1,155.7,6.27,25.629930395216117,0.001970420510918336,-0.001875915076455792,-0.012020121419016018,-0.015812750511457474
1996,4,1996.2916666666667,647.17,14.1567,156.3,6.51,25.424203848381524,0.02354825625415269,0.02158743583987266,-0.01092518793275056,-0.012819967266212706
1996,5,1996.375,661.23,14.2133,156.6,6.74,25.81404382769903,0.012785931773613868,0.012139610183458327,-0.00637325435926788,-0.007007349283097208
1996,6,1996.4583333333333,668.5,14.27,156.7,6.91,25.96667355833385,-0.034765644477686264,-0.03661004133537238,0.008584726516664112,0.006657494555167176
1996,7,1996.5416666666667,644.07,14.4,157.0,6.87,24.858411332348393,0.030757526355830844,0.02879168237676688,0.022151522725766058,0.020202091976765812
1996,8,1996.625,662.68,14.53,157.3,6.64,25.412529121454945,0.020237268867829616,0.017004577901835072,-0.007916972628363939,-0.011060454971112965
1996,9,1996.7083333333333,674.88,14.66,157.8,6.83,25.680115512876764,0.041194977872609506,0.037906301379013296,0.027227912251033066,0.02398335156799125
1996,10,1996.7916666666667,701.46,14.74,158.3,6.53,26.483467720897202,0.05052081848335366,0.04853370470312046,0.02950145891674848,0.02755410432863359
1996,11,1996.875,735.67,14.82,158.6,6.2,27.5856120490128,0.011982274661193282,0.011982274661193282,-0.0020899302936687597,-0.0020899302936687736
1996,12,1996.9583333333333,743.25,14.9,158.6,6.3,27.72394616389397,0.03257540082968946,0.029330349287169932,-0.014803582090107324,-0.017899736766128438
1997,1,1997.0416666666667,766.22,14.9533,159.1,6.58,28.332870129950372,0.043611636779689045,0.04034217676471519,0.017028646328372025,0.01384246635867159
1997,2,1997.125,798.39,15.0067,159.6,6.42,29.26563488357595,-0.006236853751508287,-0.008721261617129605,-0.013888424342514326,-0.016353703281658083
1997,3,1997.2083333333333,792.16,15.06,160.0,6.69,28.802458591871662,-0.034052464148656814,-0.03525839115970697,-0.008543868394545236,-0.009781641342866632
1997,4,1997.2916666666667,763.93,15.0933,160.2,6.89,27.585160338136546,0.0921783082219576,0.09286049329892321,0.01855534337236677,0.01919154283730906
1997,5,1997.375,833.09,15.1267,160.1,6.71,29.92836222468878,0.05336825353003061,0.052054007424565674,0.021414496965545652,0.02014011830432838
1997,6,1997.4583333333333,876.29,15.16,160.3,6.49,31.25656061638128,0.05735924560742833,0.0560416639929644,0.025075070231340132,0.02379771811890241
1997,7,1997.5416666666667,925.29,15.2167,160.5,6.22,32.76663768966994,0.0034778916159619033,0.0016057313704096465,-0.0006219442349348746,-0.002486455533004195
1997,8,1997.625,927.24,15.2733,160.8,6.3,32.58628348671318,0.011920080022432167,0.00940911208192996,0.011808669134848262,0.009297977648161426
1997,9,1997.7083333333333,937.02,15.33,161.2,6.21,32.666581341708635,0.016453757657253876,0.013937783009587479,0.018404347117762468,0.015883544278362027
1997,10,1997.7916666666667,951.16,15.3867,161.6,6.03,32.901498179798125,-0.011520432945035464,-0.010908371293608332,0.01612816923252297,0.016757350761459566
1997,11,1997.875,938.92,15.4433,161.5,5.88,32.336600532812675,0.026346165452505677,0.027618758342093264,0.010098757532824727,0.011351204845326368
1997,12,1997.9583333333333,962.37,15.5,161.3,5.81,33.030789042905425,0.002370882993720347,0.0005100459584599371,0.025154265774506336,0.023251132855370615
1998,1,1998.0416666666667,963.36,15.55,161.6,5.54,32.859968415052236,0.06402158417760062,0.062049956782583404,0.002362952179644393,0.0005055779631286672
1998,2,1998.125,1023.74,15.6,161.9,5.57,34.70967778226998,0.05312872409010083,0.051180890445051475,-0.00134528351194495,-0.003192363752058336
1998,3,1998.2083333333333,1076.83,15.64,162.2,5.65,36.29692773642508,0.03405675300031885,0.03214772514862596,0.0054570598696244334,0.003600831451403552
1998,4,1998.2916666666667,1112.2,15.75,162.5,5.64,37.27693404302875,-0.002218575795720157,-0.004057239353836284,0.003951631227673576,0.002101597509194919
1998,5,1998.375,1108.42,15.85,162.8,5.65,36.956598518968995,0.001164570589968994,-6.38521960308891e-05,0.016014772076217175,0.014768128184099227
1998,6,1998.4583333333333,1108.39,15.95,163.0,5.5,36.802293460092024,0.0446766631480493,0.043396422139289514,0.007604176871057472,0.006369367830774353
1998,7,1998.5416666666667,1156.58,16.0167,163.2,5.46,38.25964508524856,-0.06971007193622591,-0.07084873769885003,0.013664973996822595,0.012424257994378296
1998,8,1998.625,1074.62,16.0833,163.4,5.34,35.42340102487832,-0.04898450149820388,-0.050147112132069016,0.04575545357776683,0.044477023927916415
1998,9,1998.7083333333333,1020.64,16.14,163.6,4.81,33.5323569808349,0.012908567173538277,0.010438058473114964,0.02613130014032577,0.02362854087169075
1998,10,1998.7916666666667,1032.47,16.1667,164.0,4.53,33.773102879048146,0.10974384243609991,0.10974384243609991,-0.01958264677044405,-0.01958264677044408
1998,11,1998.875,1144.43,16.1833,164.0,4.83,37.36939188392094,0.04104104954722709,0.041676217972820284,0.0181634288454236,0.018784638991149905
1998,12,1998.9583333333333,1190.05,16.2,163.9,4.65,38.82027478009814,0.050476870719717626,0.0479194102919156,-0.0016044729700415874,-0.004035137673705558
1999,1,1999.0416666666667,1248.77,16.28333333,164.3,4.72,40.57695767720811,-0.0006671008719246752,-0.0018820952781593014,-0.01768752446838452,-0.018881825350489656
1999,2,1999.125,1246.58,16.36666667,164.5,5.0,40.40015922925994,0.02923509834039284,0.026116204102997642,-0.01339661566267046,-0.01638632288793518
1999,3,1999.2083333333333,1281.66,16.45,165.0,5.23,41.35610363271298,0.04250022106746987,0.034973143659040584,0.008185673312923395,0.0009063543720357892
1999,4,1999.2916666666667,1334.76,16.45,166.2,5.18,42.70450951689213,-0.0009883175002747269,-0.0009883175002747269,-0.02276679881045104,-0.022766798810451072
1999,5,1999.375,1332.07,16.45,166.2,5.54,42.55667670951804,-0.006117671493740207,-0.006117671493740207,-0.022005632990883588,-0.02200563299088354
1999,6,1999.4583333333333,1322.55,16.45,166.2,5.9,42.180675911746924,0.04522387307348197,0.042088828463183514,0.013093925770266454,0.010055251727764114
1999,7,1999.5416666666667,1380.99,16.513333333333335,166.7,5.79,43.828035992805404,-0.037743856862749725,-0.040047282699104514,-0.006246581707545963,-0.00862540497096298
1999,8,1999.625,1327.49,16.576666666666668,167.1,5.94,41.930712159940455,-0.005980166412636545,-0.010716413386251178,0.006427612758852942,0.0016322459321280736
1999,9,1999.7083333333333,1318.17,16.64,167.9,5.92,41.32345133471502,-0.012724711784772302,-0.014485607066963557,-0.008978241197205371,-0.010745818650480188
1999,10,1999.7916666666667,1300.01,16.656666666666666,168.2,6.11,40.55285439953987,0.07105949612353424,0.07042309713593853,0.01097137649678332,0.01037068049173473
1999,11,1999.875,1391.0,16.673333333333332,168.3,6.03,43.208290714613916,0.028087307292914865,0.028087307292914865,-0.013133567895733335,-0.013133567895733389
1999,12,1999.9583333333333,1428.68,16.69,168.3,6.28,44.19793976104055,-0.0011893262778696068,-0.004147888700032354,-0.021880843437037757,-0.024778115820221935
2000,1,2000.0416666666667,1425.59,16.713333333333335,168.8,6.66,43.77257814693799,-0.02478077302886683,-0.030524113588178525,0.01560494937125606,0.009623765923839844
2000,2,2000.125,1388.87,16.736666666666668,169.8,6.52,42.18563588791731,0.039409535969689324,0.03090969163348878,0.024336027942518143,0.015959448274764254
2000,3,2000.2083333333333,1442.21,16.76,171.2,6.26,43.22074843996587,0.014246653862243885,0.01365456591486347,0.025098320051182753,0.0244998972140249
2000,4,2000.2916666666667,1461.36,16.740000000000002,171.3,5.99,43.52857428850774,-0.02838794000109479,-0.029521015289723174,-0.02744909678763991,-0.028583266937158625
2000,5,2000.375,1418.48,16.72,171.5,6.44,41.96605050332432,0.03163480157163545,0.02624923706227067,0.030272829792898394,0.0248943753450237
2000,6,2000.4583333333333,1461.96,16.7,172.4,6.1,42.781971567071444,0.008503424626300715,0.0061689259581843015,0.00875467498834515,0.006419594722168354
2000,7,2000.5416666666667,1473.0,16.583333333333332,172.8,6.05,42.75809361826958,0.009397110960247312,0.009397110960247312,0.021365075439131298,0.021365075439131243
2000,8,2000.625,1485.46,16.46666666666667,172.8,5.83,42.869565494419476,-0.010796505983182159,-0.015921912687932305,0.007087433207851581,0.0018693636057385277
2000,9,2000.7083333333333,1468.05,16.35,173.7,5.8,41.89800792488472,-0.052142297605667354,-0.0537765350235887,0.00930429654024598,0.007564116718624669
2000,10,2000.7916666666667,1390.14,16.323333333333334,174.0,5.74,39.369699044201354,-0.007725640742818896,-0.008295585808446249,0.0062750766737937605,0.005697089840552172
2000,11,2000.875,1378.04,16.296666666666667,174.1,5.72,38.78214245678476,-0.033200737601553065,-0.032645105841554,0.04140278064413069,0.04200128798932834
2000,12,2000.9583333333333,1330.93,16.27,174.0,5.24,37.27423800449718,0.004550076512914503,-0.0017606321345109421,0.010496336246553144,0.004148272455169799
2001,1,2001.0416666666667,1335.63,16.169999999999998,175.1,5.16,36.97886799702981,-0.021362577959464835,-0.025259313997168964,0.008910623877678632,0.0048933460806683815
2001,2,2001.125,1305.75,16.07,175.8,5.1,35.834662651431266,-0.0907990299317124,-0.09286305029509101,0.02055261611356465,0.018235811082659925
2001,3,2001.2083333333333,1185.85,15.97,176.2,4.89,32.32583723617873,0.004486936234206151,0.0005121433830814759,-0.015098762071742041,-0.018996053572871374
2001,4,2001.2916666666667,1189.84,15.876666666666665,176.9,5.14,32.17390116836067,0.06879332982212372,0.06398165473007156,-0.014660556021841659,-0.019096524255845737
2001,5,2001.375,1270.37,15.783333333333331,177.7,5.39,34.074643217140014,-0.023886522998986193,-0.025531658072583396,0.01287125411212619,0.011164167728790808
2001,6,2001.4583333333333,1238.71,15.69,178.0,5.28,33.06853441111275,-0.026602271718158432,-0.023860306286378585,0.007453009498122039,0.010290905299525033
2001,7,2001.5416666666667,1204.45,15.706666666666667,177.5,5.24,32.16303868744433,-0.020458392719590712,-0.020458392719590712,0.02524575846853842,0.025245758468538382
2001,8,2001.625,1178.5,15.723333333333333,177.5,4.97,31.404318760780118,-0.11247324753688759,-0.11645542029050793,0.022919247686427013,0.018329593181944936
2001,9,2001.7083333333333,1044.64,15.74,178.3,4.73,27.66739258686248,0.03184031500485007,0.035324300311563306,0.01655855455069959,0.019990941341529345
2001,10,2001.7916666666667,1076.59,15.740000000000002,177.7,4.57,28.57737311336008,0.050531461992649795,0.052308008997146827,-0.0024754128201878965,-0.0007885054010564607
2001,11,2001.875,1129.68,15.740000000000002,177.4,4.65,30.00510381105679,0.014660493827160614,0.01868008831317658,-0.02995262684068119,-0.02610976797700526
2001,12,2001.9583333333333,1144.93,15.74,176.7,5.09,30.499953255020433,-0.0029768923282063042,-0.005228779640847336,0.008095045346269782,0.00581815083391235
2002,1,2002.0416666666667,1140.21,15.736666666666668,177.1,5.04,30.277204433095978,-0.03352769324169336,-0.03733270232341912,0.01428227418733365,0.010289036887383363
2002,2,2002.125,1100.67,15.733333333333334,177.8,4.91,29.085704152008407,0.04945270708851068,0.04358328478935802,-0.024094218377150582,-0.02955230440412393
2002,3,2002.2083333333333,1153.79,15.73,178.8,5.28,30.292130640918653,-0.03514432146808921,-0.0405105933175437,0.00975051280004395,0.004134547767785657
2002,4,2002.2916666666667,1111.93,15.833333333333332,179.8,5.21,29.00588325311866,-0.02820371386288323,-0.02820371386288323,0.008172710154095354,0.008172710154095375
2002,5,2002.375,1079.25,15.936666666666667,179.8,5.16,28.128107508688316,-0.05920958484544303,-0.05973253671601253,0.0221205187118321,0.021552358334560484
2002,6,2002.4583333333333,1014.02,16.04,179.9,4.93,26.38767254118334,-0.10758499174901215,-0.10857601341281098,0.02610144487065886,0.024961965198398328
2002,7,2002.5416666666667,903.59,15.96,180.1,4.65,23.463120467431427,0.011387908232716182,0.008029675001174352,0.035102008298914786,0.03166503428132028
2002,8,2002.625,912.55,15.879999999999999,180.7,4.26,23.58871352884236,-0.04757730170036345,-0.049155902857766276,0.03538820237939594,0.03367208933677812
2002,9,2002.7083333333333,867.81,15.8,181.0,3.87,22.365036801224317,-0.013670427090415216,-0.015302522357226511,-0.002469623476631633,-0.004120252891728238
2002,10,2002.7916666666667,854.63,15.89,181.3,3.94,21.95623386365907,0.06625576760313434,0.06625576760313434,-0.0056164859388606325,-0.00561648593886066
2002,11,2002.875,909.93,15.98,181.3,4.05,23.348396502725116,-0.010350613050820745,-0.008162333588246473,0.004994759234628093,0.0072169698686459505
2002,12,2002.9583333333333,899.18,16.07,180.9,4.03,23.101442537685614,-0.002225175530297885,-0.006618240250032326,0.0017401843747528547,-0.002670339276869438
2003,1,2003.0416666666667,895.84,16.119999999999997,181.7,4.05,22.8983485766132,-0.06414835982615952,-0.07130397040094583,0.015602136018482687,0.007836745573775339
2003,2,2003.125,837.03,16.169999999999998,183.1,3.9,21.214102123415266,0.013078981637456133,0.007029107154279179,0.01061934334017647,0.0045841572507401285
2003,3,2003.2083333333333,846.63,16.22,184.2,3.81,21.30971902699097,0.0528585883640631,0.05514990194048086,-0.009015606156335714,-0.00685894806309606
2003,4,2003.2916666666667,890.03,16.203333333333333,183.8,3.96,22.42793957773088,0.05312211698232416,0.05484384251417551,0.03562062396479218,0.037313736701519495
2003,5,2003.375,935.96,16.186666666666667,183.5,3.57,23.591080453481464,0.05704184889192776,0.055891013999285644,0.023106980100101197,0.021993091172392898
2003,6,2003.4583333333333,988.0,16.17,183.7,3.33,24.832223259531045,0.005959008097165874,0.004864979812122527,-0.04999835205802336,-0.05103152405143507
2003,7,2003.5416666666667,992.54,16.310000000000002,183.9,3.98,24.867329101268762,-0.0016632411120290902,-0.005448916795786296,-0.033964705109162906,-0.037627894201381684
2003,8,2003.625,989.53,16.450000000000003,184.6,4.45,24.642251409932143,0.03161180897328375,0.02826965408460147,0.018113672757089992,0.014815248331311093
2003,9,2003.7083333333333,1019.44,16.59,185.2,4.27,25.243686752606234,0.02027829004159143,0.021381293598393025,0.001959321844868914,0.0030425211117282025
2003,10,2003.7916666666667,1038.73,16.85666666666667,185.0,4.29,25.682756070579668,0.012105862179991211,0.014848696494842217,0.00277588926089512,0.005493439096290409
2003,11,2003.875,1049.9,17.123333333333335,184.5,4.3,25.946798218420103,0.030638103099766,0.03175653837171355,0.0059842232372929235,0.007075904434511671
2003,12,2003.9583333333333,1080.64,17.39,184.3,4.27,26.635170511081512,0.049349613809100745,0.04425018264048197,0.013219134155707971,0.008295283071798165
2004,1,2004.0416666666667,1132.52,17.6,185.2,4.15,27.65854035573655,0.010866621928678155,0.005437692702423114,0.009113416475572171,0.0036939029606657403
2004,2,2004.125,1143.36,17.810000000000002,186.2,4.08,27.6508620367402,-0.015651967301054115,-0.021955156411186172,0.023849936229484545,0.017293800031643602
2004,3,2004.2083333333333,1123.98,18.02,187.4,3.83,26.886530384035847,0.009681370368393338,0.006458983016153885,-0.038259618718716894,-0.04132900291429531
2004,4,2004.2916666666667,1133.36,18.213333333333335,188.0,4.35,26.900577508444865,-0.025642533901163,-0.03131039859026241,-0.02533792855593796,-0.031007565142867954
2004,5,2004.375,1102.78,18.406666666666666,189.1,4.72,25.90281429294374,0.028576768611045633,0.02532349469872819,0.00315093412417754,-2.192070172923888e-05
2004,6,2004.4583333333333,1132.76,18.6,189.7,4.73,26.401285366474895,-0.02238779617924369,-0.020839308000013435,0.0221409184740206,0.023759937880262427
2004,7,2004.5416666666667,1105.85,18.78666666666667,189.4,4.5,25.69588864626854,-0.013875701446348199,-0.014396083661943782,0.02134782293849188,0.020808853111083714
2004,8,2004.625,1088.94,18.973333333333333,189.5,4.28,25.174462226477758,0.02782624489054597,0.02566126069909669,0.015654655144697386,0.013515308846341112
2004,9,2004.7083333333333,1117.66,19.16,189.9,4.13,25.66840677635768,0.0010259530328244892,-0.0042177659458702,0.005862867296179231,0.0005938108933702946
2004,10,2004.7916666666667,1117.21,19.253333333333334,190.9,4.1,25.41165566548932,0.04773896084392759,0.047190406414166386,-0.0038145810762325164,-0.004336144122789487
2004,11,2004.875,1168.94,19.346666666666668,191.0,4.19,26.465310814818036,0.02727447278921269,0.03105320180104898,0.0002841388918588504,0.003963586591408497
2004,12,2004.9583333333333,1199.21,19.44,190.3,4.23,27.144808694741215,-0.013492215708674982,-0.015561450704566493,0.004327279007581675,0.0022206669907856025
2005,1,2005.0416666666667,1181.41,19.703333333333333,190.7,4.22,26.587250697970365,0.016812067313163315,0.010980506968822912,0.007538010467786514,0.0017596381449782594
2005,2,2005.125,1199.63,19.96666666666667,191.8,4.17,26.74486312810117,-0.0025558806557949287,-0.0102960057412389,-0.02263696998446297,-0.030221266647801226
2005,3,2005.2083333333333,1194.9,20.23,193.3,4.5,26.33914213105792,-0.024089184590063484,-0.030608629913973617,0.01651053833952573,0.009719871844965589
2005,4,2005.2916666666667,1164.43,20.46333333333333,194.6,4.34,25.40892256911446,0.013358705785472491,0.014401255894305187,0.019725990030360862,0.020775090843149213
2005,5,2005.375,1178.28,20.696666666666665,194.4,4.14,25.65023018718296,0.021806974761705344,0.021281624132007737,0.014805254091096834,0.014283503317785273
2005,6,2005.4583333333333,1202.25,20.93,194.5,4.0,26.068394871883985,0.018077909475289422,0.013388707231032804,-0.011136330585120278,-0.015690973893581983
2005,7,2005.5416666666667,1222.24,21.11,195.4,4.18,26.28787109125474,0.003100182179168298,-0.0020072525569780897,-0.0029222068305462864,-0.007998977671531349
2005,8,2005.625,1224.27,21.29,196.4,4.26,26.104381410936142,0.0027969048221934134,-0.009309295236022308,0.008368444127057341,-0.0038050179750802604
2005,9,2005.7083333333333,1225.92,21.47,198.8,4.2,25.730122990164464,-0.026242196336900725,-0.02819753329204744,-0.01711358851225803,-0.019087256005205222
2005,10,2005.7916666666667,1191.96,21.72,199.2,4.46,24.876538723647947,0.039615423336353484,0.048033361986850265,-0.002601076625284117,0.0054750280174262755
2005,11,2005.875,1237.37,21.97,197.6,4.54,25.931783309069008,0.021441309659466112,0.02559351010523625,0.009330415205678205,0.013433384373180646
2005,12,2005.9583333333333,1262.07,22.22,196.8,4.47,26.443803114292393,0.014667702002794325,0.006992454635148304,0.0076969672870315295,7.444862374073047e-05
2006,1,2006.0416666666667,1278.73,22.406666666666666,198.3,4.42,26.468702626685708,-0.0001663977366431757,-0.0021791478166900413,-0.00814499905794867,-0.010141687534932942
2006,2,2006.125,1276.65,22.593333333333334,198.7,4.57,26.249624763583277,0.014861377650709162,0.009274052748728279,-0.00793339445961391,-0.013395222618244773
2006,3,2006.2083333333333,1293.74,22.78,199.8,4.72,26.327837778667668,0.007983314524814489,-0.000520763066710006,-0.01692547937489831,-0.025219408333025606
2006,4,2006.2916666666667,1302.17,23.0,201.5,4.99,26.147280943874513,-0.007866356415316966,-0.012765781815735067,-0.005058449035445875,-0.009971740645147276
2006,5,2006.375,1290.01,23.22,202.5,5.11,25.650640708757326,-0.027057929783489976,-0.028976001878544766,0.004258333333334,0.0022785239034013305
2006,6,2006.4583333333333,1253.17,23.44,202.9,5.11,24.74958224164637,0.007200406435944995,0.00423077378797676,0.005795952735183044,0.002830460982646832
2006,7,2006.5416666666667,1260.24,23.66,203.5,5.09,24.6967867668533,0.022917592416259236,0.020910887968164538,0.02055222427584377,0.01855016007912802
2006,8,2006.625,1287.15,23.88,203.9,4.88,25.05139356201095,0.025311735228994214,0.03036502125772267,0.016591176312478643,0.021601482750687184
2006,9,2006.7083333333333,1317.74,24.1,202.9,4.72,25.644156440797378,0.03615913103748358,0.041807173872673076,0.00315093412417754,0.008619051208105022
2006,10,2006.7916666666667,1363.38,24.36,201.8,4.73,26.538040282101708,0.020016429755460585,0.021535064638471324,0.014177810077099662,0.015687752226097862
2006,11,2006.875,1388.64,24.619999999999997,201.5,4.6,26.928020270856482,0.021482649690824696,0.019964092728945282,0.006989104051072758,0.005492093490045313
2006,12,2006.9583333333333,1416.42,24.88,201.8,4.56,27.28268978757168,0.006928265156756597,0.0038639431103939526,-0.011825059349287929,-0.014832310571725071
2007,1,2007.0416666666667,1424.16,25.083333333333332,202.416,4.76,27.20753665680713,0.015960480407944067,0.010553646957746299,0.007097794078120271,0.0017381269004603794
2007,2,2007.125,1444.8,25.286666666666665,203.499,4.72,27.315181413516612,-0.024738910422049898,-0.03353920844197644,0.016556416204293257,0.0073834885521322224
2007,3,2007.2083333333333,1406.95,25.49,205.352,4.56,26.227605554650886,0.04180259900257055,0.03507856028166323,-0.006391109201060034,-0.01280409440724617
2007,4,2007.2916666666667,1463.64,25.71666666666667,206.686,4.69,26.97626831418907,0.033917531329804795,0.027637925070243208,-0.0007814752669486743,-0.006850333480923454
2007,5,2007.375,1511.14,25.943333333333335,207.949,4.75,27.548490451851258,0.0034490149453025865,0.0015081170752415662,-0.022936972619788394,-0.024826834008372267
2007,6,2007.4583333333333,1514.19,26.17,208.352,5.1,27.4182627404106,0.0057461965363219125,0.0060021005417008055,0.011971734929184488,0.01222922297258
2007,7,2007.5416666666667,1520.71,26.440000000000005,208.299,5.0,27.410088167204318,-0.042011078158667226,-0.04025099231603102,0.030061743781956154,0.03195424697373306
2007,8,2007.625,1454.62,26.71,207.917,4.67,26.14860718931231,0.030747434610642888,0.027914597160252352,0.01574908101997012,0.012957464043499067
2007,9,2007.7083333333333,1497.12,26.98,208.49,4.52,26.725743047696906,0.029916328239107948,0.027717843141304543,0.0029765607092748485,0.0008355819115744012
2007,10,2007.7916666666667,1539.66,27.230000000000004,208.936,4.53,27.32064813046201,-0.048063100511368306,-0.053683856789483286,0.03436753593752187,0.02826006408237869
2007,11,2007.875,1463.39,27.480000000000004,210.177,4.15,25.729053579498377,0.012382208433841857,0.013061834266504757,0.007493667715853684,0.008170011805190391
2007,12,2007.9583333333333,1479.22,27.73,210.036,4.1,25.95551010524023,-0.06635197378798752,-0.07096978949466437,0.03299751634214591,0.02788831884801457
2008,1,2008.0416666666667,1378.76,27.92,211.08,3.74,24.02231776083682,-0.015639656889765763,-0.01849007183181195,0.0031166666666657787,0.00021193898711735493
2008,2,2008.125,1354.87,28.11,211.693,3.74,23.495263401811787,-0.026266357657930173,-0.034634352645462,0.022235221275689342,0.013450417263846104
2008,3,2008.2083333333333,1316.94,28.3,213.528,3.51,22.606810842249335,0.04243802552381526,0.036153981249908984,-0.011085822328924144,-0.017047213148734364
2008,4,2008.2916666666667,1370.47,28.436666666666667,214.823,3.68,23.35604064320161,0.025626042322868914,0.01706148348316794,-0.013252465433122413,-0.021492366694392584
2008,5,2008.375,1403.22,28.573333333333334,216.632,3.88,23.69643211662318,-0.042465820675937405,-0.05201862607531327,-0.014522137949752966,-0.02435372249768475
2008,6,2008.4583333333333,1341.25,28.71,218.815,4.1,22.41681280228194,-0.06078471575023314,-0.06569078384138893,0.010712840278599688,0.005433298837818068
2008,7,2008.5416666666667,1257.33,28.756666666666668,219.964,4.01,20.90720646266158,0.02110534934256636,0.02519748894401408,0.01312825887829492,0.017188429821646478
2008,8,2008.625,1281.47,28.803333333333335,219.086,3.89,21.401617360047926,-0.04847536206249248,-0.04715756330621301,0.019716719073078117,0.02112895935627712
2008,9,2008.7083333333333,1216.95,28.85,218.783,3.69,20.362733946097514,-0.20193585055535013,-0.19379207561446343,-0.006750791120235961,0.0033847324751534735
2008,10,2008.7916666666667,968.8,28.696666666666665,216.573,3.81,16.387356548789832,-0.08605347967703458,-0.06820694482332312,0.026426323057111862,0.04646923885346754
2008,11,2008.875,883.04,28.543333333333333,212.425,3.53,15.259659405704582,-0.003512172595679597,0.006901681680664629,0.10049240438280287,0.11199316456902442
2008,12,2008.9583333333333,877.56,28.39,210.228,2.42,15.376080747423769,-0.010955566191105603,-0.01524164556354568,-0.006726359257602232,-0.01103076613483367
2009,1,2009.0416666666667,865.58,28.013333333333335,211.143,2.52,15.174651936879666,-0.06702506476068715,-0.07164172827928239,-0.02795476643435856,-0.03276476250041127
2009,2,2009.125,805.23,27.63666666666667,212.193,2.87,14.122181801918897,-0.056874364398301624,-0.05916224515544155,0.006696216977933309,0.004254123564111589
2009,3,2009.2083333333333,757.13,27.26,212.709,2.82,13.323667656863927,0.12321750117769281,0.12042051893643713,-0.007066832789390428,-0.009539387243474251
2009,4,2009.2916666666667,848.15,26.703333333333333,213.24,2.93,14.981866453039245,0.06659821703446056,0.06352594175720294,-0.027817536913843262,-0.03061785300158959
2009,5,2009.375,902.41,26.14666666666667,213.856,3.29,15.996355755263155,0.028688610375426915,0.019927542666879683,-0.032626447451322454,-0.04086531109563141
2009,6,2009.4583333333333,926.12,25.59,215.693,3.72,16.38418281621534,0.012776422061935966,0.014384817362376623,0.016366417419802944,0.017980514009823922
2009,7,2009.5416666666667,935.82,25.026666666666664,215.351,3.56,16.694620816995617,0.08120744967574467,0.07878789020785093,0.0004829648488969764,-0.0017559468703968184
2009,8,2009.625,1009.73,24.46333333333333,215.834,3.59,18.094069801576083,0.03650343271083467,0.03585552507864698,0.018873162576179266,0.018236275444471595
2009,9,2009.7083333333333,1044.55,23.9,215.969,3.4,18.83190226484009,0.024031081965120604,0.023045785356097692,0.0036696240527481563,0.0027039187196045145
2009,10,2009.7916666666667,1067.66,23.403333333333332,216.177,3.39,19.358008443486845,0.020943257008577243,0.020221192023035073,0.00198913179423591,0.0012804721669787966
2009,11,2009.875,1088.07,22.906666666666666,216.33,3.4,19.81276107996607,0.02225857609242876,0.024062152480794463,-0.012896778179205669,-0.011155226574364963
2009,12,2009.9583333333333,1110.38,22.41,215.949,3.59,20.32237650021655,0.01356967884868232,0.01011762855037035,-0.008517763025703676,-0.011894587158609804
2010,1,2010.0416666666667,1123.58,22.24,216.687,3.73,20.527859801454422,-0.028984733322653167,-0.029226657206000373,0.006403343814616111,0.006152603158413372
2010,2,2010.125,1089.16,22.07,216.741,3.69,19.920539306600453,0.05943035611541592,0.05509782528597196,-0.00021340848353506572,-0.004302026678781323
2010,3,2010.2083333333333,1152.05,21.9,217.631,3.73,21.004601209715368,0.04087930211362356,0.03907454920801445,-0.0066978290133944875,-0.008420089198216796
2010,4,2010.2916666666667,1197.32,21.946666666666665,218.009,3.85,21.804845599625164,-0.05882396611692031,-0.0595529981445595,0.039114371067231556,0.03830947630831716
2010,5,2010.375,1125.06,21.993333333333332,218.178,3.42,20.48006863842341,-0.03543564096334628,-0.03449304830638389,0.02142634611344161,0.022424505504729852
2010,6,2010.4583333333333,1083.36,22.04,217.965,3.2,19.74203985373946,-0.0015907300743366326,-0.001801392960230297,0.01886578392461787,0.018650804744390515
2010,7,2010.5416666666667,1079.8,22.143333333333334,218.011,3.01,19.66866047071771,0.008636115741598172,0.007245447932049176,0.029361472554166212,0.027942229437714516
2010,8,2010.625,1087.28,22.246666666666666,218.312,2.7,19.77029917435858,0.03371154522191966,0.033110547386170586,0.006592307378102373,0.00600707661328026
2010,9,2010.7083333333333,1122.08,22.35,218.439,2.65,20.381395233204035,0.045774365464138045,0.04447378786444589,0.011815735252362645,0.010557390313202353
2010,10,2010.7916666666667,1171.58,22.476666666666667,218.711,2.54,21.240127651759426,0.024909144536058747,0.024478201444340097,-0.01688174345117043,-0.017295114746822104
2010,11,2010.875,1198.89,22.603333333333335,218.803,2.76,21.70072382776062,0.03713736131847867,0.035358159625543895,-0.042248271937973286,-0.04389128814733345
2010,12,2010.9583333333333,1241.53,22.73,219.179,3.29,22.396379773044213,0.034621931541458206,0.02971715185664192,-0.005621240527485336,-0.010335241448775623
2011,1,2011.0416666666667,1282.62,22.963333333333335,220.223,3.39,22.978299430554983,0.03150863943421367,0.026446855311446082,-0.01291302528583368,-0.017756824925882486
2011,2,2011.125,1321.12,23.196666666666665,221.309,3.58,23.489828703298535,-0.011124609758723203,-0.020674087275048603,0.017185915511936486,0.007363045890584008
2011,3,2011.2083333333333,1304.49,23.43,223.467,3.41,22.89933643014364,0.022209829128625014,0.01566949697156339,-0.001325032332294827,-0.007714783065818298
2011,4,2011.2916666666667,1331.51,23.733333333333334,224.906,3.46,23.14392944728595,0.006592348369728995,0.0018793201680014082,0.02740768141580706,0.022597192457663562
2011,5,2011.375,1338.31,24.036666666666665,225.964,3.17,23.05949150609534,-0.03662600178168307,-0.035593153820169254,0.017143011489185303,0.018233506030171043
2011,6,2011.4583333333333,1287.29,24.34,225.722,3.0,22.10083128661099,0.031017356876332114,0.030104637126262324,0.002499999999999778,0.0016125255619192647
2011,7,2011.5416666666667,1325.19,24.619999999999997,225.922,3.0,22.610981701156625,-0.10400646951254788,-0.10647045666518284,0.06440247166034713,0.06147535899026213
2011,8,2011.625,1185.31,24.9,226.545,2.3,20.049852721660496,-0.007892450076351198,-0.009396643744504996,0.03069104048489134,0.02912834807615039
2011,9,2011.7083333333333,1173.88,25.18,226.889,1.98,19.69811456887771,0.030189059642666383,0.03231840488852611,-0.013501241375497281,-0.011462201626373791
2011,10,2011.7916666666667,1207.22,25.596666666666664,226.421,2.15,20.155824786688747,0.017671224429313348,0.01853041730322924,0.014360708533720543,0.015217106426705262
2011,11,2011.875,1226.42,26.013333333333335,226.23,2.01,20.34524679764582,0.015547510459530622,0.0180585685918484,0.004372597545458174,0.006856024419108264
2011,12,2011.9583333333333,1243.32,26.43,225.672,1.98,20.523575499431697,0.047825579898980175,0.043235145553846666,0.002549670067868285,-0.0018424143844176788
2012,1,2012.0416666666667,1300.58,26.736666666666668,226.665,1.97,21.213008091803452,0.04162608648107424,0.037059938998575515,0.0016416666666662224,-0.0027492022199483435
2012,2,2012.125,1352.49,27.043333333333337,227.663,1.97,21.79743596371753,0.028838373009124618,0.021083693042374563,-0.01616475470055022,-0.023580231871169643
2012,3,2012.2083333333333,1389.24,27.35,229.392,2.17,22.053943972904708,-0.0003821034042593707,-0.003392882908967887,0.012559291075600198,0.009509532991781589
2012,4,2012.2916666666667,1386.43,27.673333333333332,230.085,2.05,21.779246906824888,-0.030909522218135144,-0.029770978480776367,0.02440161133183074,0.025605137799030953
2012,5,2012.375,1341.27,27.996666666666666,229.815,1.8,20.941467419743475,-0.011524111062235387,-0.010072484437582796,0.01799489302834506,0.0194898697971444
2012,6,2012.4583333333333,1323.48,28.32,229.478,1.62,20.547504086856083,0.029210868316861482,0.030890999893571358,0.00963679016175049,0.011284968105044646
2012,7,2012.5416666666667,1359.78,28.743333333333332,229.104,1.53,20.999341293380557,0.03387700788199388,0.02815516177167332,-0.012427283342271304,-0.017892864900219574
2012,8,2012.625,1403.45,29.166666666666664,230.379,1.68,21.410428453442933,0.030211660946635632,0.025635059601589072,-0.002246245811487758,-0.006678656496150737
2012,9,2012.7083333333333,1443.42,29.59,231.407,1.72,21.783690301727678,-0.002171347678892266,-0.0017831160369943255,-0.0012970335410512155,-0.0009084617241017501
2012,10,2012.7916666666667,1437.82,30.14333333333333,231.317,1.75,21.577109654528787,-0.02837493953036918,-0.02374937945429134,0.010607658954318472,0.015418801266331439
2012,11,2012.875,1394.51,30.696666666666665,230.221,1.65,20.898162059573696,0.02175535174043608,0.024514435185539085,-0.005005930170102772,-0.0023191111959059985
2012,12,2012.9583333333333,1422.29,31.25,229.601,1.72,21.23826113984562,0.0426876141058905,0.03961316174364504,-0.015714224469109146,-0.018616474085165646
2013,1,2013.0416666666667,1480.4,31.536666666666665,230.28,1.91,21.900475413821813,0.023330218559548532,0.015017197737363874,-0.0047027276060704806,-0.012788022850572012
2013,2,2013.125,1512.31,31.82333333333333,232.166,1.98,22.05272433686195,0.02722454023609222,0.024545856299710955,0.0034502826360232755,0.0008335946113808834
2013,3,2013.2083333333333,1550.83,32.11,232.773,1.96,22.419207114602578,0.01453791410620986,0.015593765477483812,0.01982619963364858,0.020887554637116335
2013,4,2013.2916666666667,1570.7,32.49666666666667,232.531,1.76,22.59565539610559,0.045742697877096505,0.043884158406744644,-0.013859806693148851,-0.015612417996370809
2013,5,2013.375,1639.84,32.88333333333334,232.945,1.93,23.41184178184241,-0.011177750403833397,-0.013544954552474286,-0.031111544544277548,-0.03343102792186314
2013,6,2013.4583333333333,1618.77,33.27,233.504,2.3,22.925333173915337,0.03254477164760905,0.03213811177761294,-0.022488118667956757,-0.022873104254535925
2013,7,2013.5416666666667,1668.68,33.64666666666667,233.596,2.58,23.492460177159643,0.0025252827917208176,0.0013207624478457358,-0.01168122359528366,-0.012868675017055575
2013,8,2013.625,1670.09,34.02333333333333,233.877,2.74,23.3566490949161,0.011924673387528673,0.010749167572165819,-0.0037461275811490873,-0.004903429356078348
2013,9,2013.7083333333333,1687.17,34.4,234.149,2.81,23.442287167960608,0.021175499011164556,0.02381210518683763,0.018867947943458564,0.021498596178110008
2013,10,2013.7916666666667,1720.03,34.596666666666664,233.546,2.62,23.834737887631437,0.03859994044031523,0.04072554346598589,-0.006470068742517746,-0.004436706188039041
2013,11,2013.875,1783.54,34.79333333333334,233.069,2.72,24.642077092412066,0.015216616641311465,0.015303741376164748,-0.013166356198472923,-0.013081667258052598
2013,12,2013.9583333333333,1807.78,34.99,233.049,2.9,24.861869296461947,0.009678076609616948,0.0059357464893150524,0.005853256395061889,0.002125102813030244
2014,1,2014.0416666666667,1822.36,35.403333333333336,233.916,2.86,24.859609093632724,-0.0013003589972465646,-0.004979852608175017,0.015370109574342301,0.011629197214390707
2014,2,2014.125,1817.04,35.81666666666666,234.781,2.71,24.59093087789414,0.02722269307347247,0.02064966419861336,0.001392993125747337,-0.00501475575215482
2014,3,2014.2083333333333,1863.52,36.23,236.293,2.72,24.95603915396539,0.0020172397756217375,-0.0012753102926494897,0.0031324517494013826,-0.00016376281795704717
2014,4,2014.2916666666667,1864.26,36.61333333333333,237.072,2.71,24.78631539696264,0.01532034754332079,0.011786571806600143,0.015345820382196866,0.011811955988432876
2014,5,2014.375,1889.77,36.99666666666667,237.9,2.56,24.943274109902593,0.03196317835268614,0.030045103611618718,-0.001349471429899927,-0.0032056290857007674
2014,6,2014.4583333333333,1947.09,37.38,238.343,2.6,25.558007623511294,0.01495821970222222,0.015354404862483628,0.007407067713409505,0.007800305309620725
2014,7,2014.5416666666667,1973.1,37.75,238.25,2.54,25.817545976158748,-0.004269508218877283,-0.002603342974402234,0.012662692365708394,0.014357190421480759
2014,8,2014.625,1961.53,38.120000000000005,237.852,2.42,25.6176064217994,0.017780338137406426,0.017014964381355302,-0.007595696651771511,-0.008341987556314767
2014,9,2014.7083333333333,1993.23,38.49,238.031,2.53,25.918436892606202,-0.026465836857763603,-0.024013888604744515,0.022447716878876544,0.025022859065066294
2014,10,2014.7916666666667,1937.27,38.806666666666665,237.433,2.3,25.16274828308326,0.05705652226529545,0.06279499663781185,-0.000732168017181578,0.004692587163198647
2014,11,2014.875,2044.57,39.123333333333335,236.151,2.33,26.60681714714343,0.006338877014618216,0.012077458332108604,0.012603288717701158,0.018377592431280565
2014,12,2014.9583333333333,2054.27,39.44,234.812,2.21,26.794085482572566,-0.011100455798572328,-0.0064247978322187205,0.03167117411221524,0.036549062439882096
2015,1,2015.0416666666667,2028.18,39.89666666666667,233.707,1.88,26.492295420383137,0.028273980722727687,0.023827452104048685,-0.007425325151529099,-0.011717480530961777
2015,2,2015.125,2082.2,40.35333333333333,234.722,1.98,26.99551369938325,0.0005536345105070506,-0.00536614927398793,-0.0037282889532855154,-0.009622738702489309
2015,3,2015.2083333333333,2079.99,40.81,236.119,2.04,26.728605452928488,0.008784096718413847,0.006737526925537196,0.010710849119615694,0.008660370429606878
2015,4,2015.2916666666667,2094.86,41.120000000000005,236.599,1.94,26.791371680192338,0.009789039203892624,0.00466801323185706,-0.02149554220782317,-0.026457912116350624
2015,5,2015.375,2111.94,41.43,237.805,2.2,26.806111379650833,-0.004355000615547944,-0.00783044159513735,-0.012271817590483368,-0.01571962379044778
2015,6,2015.4583333333333,2099.29,41.74,238.638,2.36,26.495895292784848,-0.0007963009715983294,-0.0008632902497350825,0.005500279674507608,0.005432868256828538
2015,7,2015.5416666666667,2094.14,41.99666666666667,238.654,2.32,26.381136336399692,-0.02424397498628439,-0.02286007488534858,0.015288149358745331,0.01672811727732082
2015,8,2015.625,2039.87,42.25333333333333,238.316,2.17,25.693658417057698,-0.045070954957369125,-0.043582045017211524,0.0018083333333328894,0.003370336702458898
2015,9,2015.7083333333333,1944.41,42.51,237.945,2.17,24.496752170486435,0.043171193318281675,0.04364050149311094,0.010758108681671852,0.01121283466166223
2015,10,2015.7916666666667,2024.81,42.803333333333335,237.838,2.07,25.491441046066747,0.029324699327069714,0.03150187008524452,-0.015112055291795354,-0.013028874702910809
2015,11,2015.875,2080.62,43.096666666666664,237.336,2.26,26.22585189097193,-0.011029698412545752,-0.007638704164210752,0.00365749897237709,0.007098852874360295
2015,12,2015.9583333333333,2054.08,43.39,236.525,2.24,25.965424037124176,-0.06419621760918115,-0.06574064381473421,0.01527731717360646,0.013601729914768379
2016,1,2016.0416666666667,1918.6,43.553333333333335,236.916,2.09,24.206167203878476,-0.00549909077220645,-0.006316967957572861,0.029910947423959302,0.029063949036083336
2016,2,2016.125,1904.42,43.71666666666667,237.111,1.78,24.00260677728976,0.06362727526257617,0.0590669328976563,-0.008454619886280438,-0.012705908386339781
2016,3,2016.2083333333333,2021.95,43.88,238.132,1.89,25.372298620187912,0.028312602520669028,0.023460307628288657,0.008833031976689283,0.004072655262132185
2016,4,2016.2916666666667,2075.54,44.07333333333334,239.261,1.81,25.922337543673883,-0.003043652361420124,-0.007060876528836024,0.0015083333333333335,-0.0025272330082271033
2016,5,2016.375,2065.55,44.266666666666666,240.229,1.81,25.694709923449977,0.010664902272464305,0.007356375075769694,0.017070399342506648,0.0137409030182436
2016,6,2016.4583333333333,2083.89,44.46,241.018,1.64,25.84037292767051,0.03297438924319418,0.03464859179570201,0.014277725039263762,0.015921624804733137
2016,7,2016.5416666666667,2148.9,44.65,240.628,1.5,26.694003256096302,0.01199256984193453,0.011063978243318395,-0.004265763318803102,-0.005179436476285826
2016,8,2016.625,2170.95,44.84,240.849,1.56,26.948872433723864,-0.00438671242236488,-0.006774422603070818,-0.005111293761501957,-0.007497266229120059
2016,9,2016.7083333333333,2157.69,45.03,241.428,1.63,26.72787334647854,-0.005059809333129439,-0.0062987049451194155,-0.010467029761872432,-0.011699192324252983
2016,10,2016.7916666666667,2143.02,45.25333333333333,241.729,1.76,26.525143085070596,0.012011605636490064,0.013588202420948159,-0.032418474513420566,-0.03091109464417119
2016,11,2016.875,2164.99,45.47666666666667,241.353,2.14,26.85095353105626,0.03945963825339738,0.03911951220787735,-0.02886472511319318,-0.029182494450795682
2016,12,2016.9583333333333,2246.63,45.7,241.432,2.49,27.865098223923525,0.014376347388458832,0.00849908911950048,0.007345283731013015,0.001508763179497219
2017,1,2017.0416666666667,2275.12,45.92666666666667,242.839,2.43,28.06357374212446,0.025764452961699602,0.022547398811862518,0.0029038354749202923,-0.00024152205476069
2017,2,2017.125,2329.91,46.153333333333336,243.603,2.42,28.655106525184127,0.017492568859359903,0.016666224715430555,-0.003240002807754494,-0.0040495092472032646
2017,3,2017.2083333333333,2366.82,46.38,243.801,2.48,29.086921742464643,-0.0015400410677619547,-0.0044922525083894715,0.01798444509361375,0.01497450433604941
2017,4,2017.2916666666667,2359.31,46.660000000000004,244.524,2.3,28.904245956275155,0.016923733351417614,0.01605528871881612,0.0019166666666675547,0.0010610379474782494
2017,5,2017.375,2395.35,46.94,244.733,2.3,29.31334498027143,0.017764279402453287,0.016841890922824954,0.011700001470974598,0.010783108979183886
2017,6,2017.4583333333333,2433.99,47.22,244.955,2.19,29.748503240632747,0.009878840915533704,0.010576060217759808,-0.009659242275487166,-0.008975512045590661
2017,7,2017.5416666666667,2454.1,47.53666666666667,244.786,2.32,30.00222074401856,0.002478052601315728,-0.0005148579781374396,0.011706486880114877,0.008686024696401562
2017,8,2017.625,2456.22,47.85333333333334,245.519,2.21,29.914959397497487,0.016532630537076543,0.011178535351137997,0.0027305977772237675,-0.002550801860204288
2017,9,2017.7083333333333,2492.84,48.17,246.819,2.2,30.168114410678903,0.02734799131378929,0.027997729161155727,-0.012271817590483368,-0.011647136967707028
2017,10,2017.7916666666667,2557.0,48.42333333333333,246.663,2.36,30.920393290333838,0.01589568939295205,0.01587097865047382,0.0028486959020022017,0.002824302515822996
2017,11,2017.875,2593.61,48.67666666666666,246.669,2.35,31.298913333880268,0.02883486294735471,0.02944000100745181,-0.0024403978078957954,-0.0018536551689728453
2017,12,2017.9583333333333,2664.34,48.93,246.524,2.4,32.086132007706,0.048618982562285584,0.042937325489818656,-0.013688790572258027,-0.019032849903518168
2018,1,2018.0416666666667,2789.8,49.28666666666666,247.867,2.58,33.30734382803066,-0.028866864211691823,-0.03325077224301054,-0.021906128098765118,-0.026321458420009658
2018,2,2018.125,2705.16,49.64333333333333,248.991,2.86,32.03538233925029,0.0006457822991781104,-0.001611699349821416,0.004103389485870785,0.0018381073894888633
2018,3,2018.2083333333333,2702.77,50.0,249.554,2.84,31.80840905764312,-0.016639719004330145,-0.020533189260281914,-0.00020945617056363245,-0.004167979633236341
2018,4,2018.2916666666667,2653.63,50.33,250.546,2.87,30.97017929332522,0.019616211252761806,0.015393274975493476,-0.006661433232364691,-0.010775535600410335
2018,5,2018.375,2701.49,50.66,251.588,2.976,31.243615074864607,0.021129697561962812,0.019504733739247104,0.00813588105938608,0.0065315948075861385
2018,6,2018.4583333333333,2754.35,50.99,251.989,2.91,31.6305564964546,0.015807419778411047,0.015738894718943186,0.004140657952521932,0.004072919917772033
2018,7,2018.5416666666667,2793.64,51.44,252.006,2.89,31.886366962158977,0.02450804923564487,0.02393920766412294,0.0024083333333339996,0.0018517622726523797
2018,8,2018.625,2857.82,51.89,252.146,2.89,32.390276880301116,0.016797477331205846,0.015617304454360159,-0.006974889787120254,-0.008127470637513401
2018,9,2018.7083333333333,2901.5,52.34,252.439,3.0,32.622891120500185,-0.038489861565856764,-0.04018562652519253,-0.010197910081673757,-0.011943572070734265
2018,10,2018.7916666666667,2785.46,52.81,252.885,3.15,31.0379610780065,-0.020761083148444714,-0.017470248581541115,0.0051684600868221586,0.00854643358960172
2018,11,2018.875,2723.23,53.28,252.038,3.12,30.195583406705246,-0.055625121638642305,-0.05259915858012332,0.027553598139936252,0.030846082194589286
2018,12,2018.9583333333333,2567.31,53.75,251.233,2.83,28.291857012072875,0.017356363924367013,0.01542036683912773,0.01274775432614082,0.010820527279666203
2019,1,2019.0416666666667,2607.39,54.14666666666667,251.712,2.71,28.38016446354758,0.0582890255091193,0.053834411451053166,0.004859698573840802,0.0006299824643898333
2019,2,2019.125,2754.86,54.54333333333334,252.776,2.68,29.541548965131213,0.019480219603819293,0.013761229221544324,0.0118258738115842,0.0061498221044562484
2019,3,2019.2083333333333,2803.98,54.94,254.202,2.57,29.576196014784816,0.03723219614024842,0.03176897773899001,0.005637071509733763,0.00034026817630095074
2019,4,2019.2916666666667,2903.8,55.319091580592705,255.548,2.53,30.13351717138751,-0.015317885426550548,-0.017409583216125957,0.01354503430052829,0.01139202484041446
2019,5,2019.375,2854.71,55.69818316118541,256.092,2.4,29.242030936939845,0.014047491781453258,0.013845587290286954,0.032445135423317506,0.0322395678227716
2019,6,2019.4583333333333,2890.17,56.07727474177812,256.143,2.06,29.283796275306262,0.038273438099529766,0.036541437867599225,0.04110032834446516,0.03936361242360298
2019,7,2019.5416666666667,2996.1136363636365,56.45818316118542,256.571,1.63,29.98668533504252,-0.03134414022515786,-0.0312950576544444,0.0013583333333335552,0.0014090729646583089
2019,8,2019.625,2897.498181818182,56.83909158059271,256.558,1.63,28.705397371833072,0.03085227445795069,0.030045286943721106,-0.005029325968566995,-0.0058082241005910085
2019,9,2019.7083333333333,2982.156,57.22,256.759,1.7,29.22952023303527,9.802751208631832e-05,-0.0021831718931873967,0.0005046247481212303,-0.0017775020956110055
2019,10,2019.7916666666667,2977.68,57.56,257.346,1.71,28.841122881953403,0.04433692225714858,0.04489724112464666,-0.007647539970861548,-0.007115112365639331
2019,11,2019.875,3104.9044999999996,57.900000000000006,257.208,1.81,29.836867659083424,0.024693198714976106,0.02562628225066188,-0.003016036270408695,-0.0021081847075550275
2019,12,2019.9583333333333,3176.7495238095235,58.24,256.974,1.86,30.331822322243287,0.03346397500649845,0.02946986875780566,0.01064643315015729,0.006740511578156028
2020,1,2020.0416666666667,3278.2028571428577,58.686867862126704,257.971,1.76,30.985220300230694,0.001220768170762554,-0.001515696016747392,0.02544434650148902,0.022641676181722525
2020,2,2020.125,3277.3142105263164,59.13373572425341,258.678,1.5,30.729689264735743,-0.18917708923391818,-0.18740852367685523,0.061337460829609586,0.06365244829816841
2020,3,2020.2083333333333,2652.3936363636367,59.58060358638012,258.115,0.87,24.817168629099413,0.04318614343665339,0.050208828823201435,0.020982400892446764,0.027855611614983067
2020,4,2020.2916666666667,2761.975238095238,59.61373572425342,256.389,0.66,25.927358825280162,0.05887365352603835,0.05885300418062611,-0.00041411647221494864,-0.00043360963281002807
2020,5,2020.375,2919.615,59.64686786212671,256.394,0.67,27.328480997698456,0.06508271858198866,0.05928625448748592,-0.005207637408339621,-0.01062156264686498
2020,6,2020.4583333333333,3104.6609090909087,59.68,257.797,0.73,28.838315955122845,0.034764348929532174,0.029556600943209776,0.01124235157267407,0.0061529847757464395
2020,7,2020.5416666666667,3207.6190909090906,59.403333333333336,259.101,0.62,29.599194927666993,0.05893504855500464,0.05560649903296522,-0.0023788139812124785,-0.0055146356979745015
2020,8,2020.625,3391.71,59.126666666666665,259.918,0.65,31.15820896535522,-0.006270026361661629,-0.007652115843976959,-0.0023491189903376243,-0.0037366617094303223
2020,9,2020.7083333333333,3365.5166666666664,58.85,260.28,0.68,30.83942604381124,0.017260013659031292,0.016838089140715606,-0.009970107189347925,-0.010380737588688627
2020,10,2020.7916666666667,3418.701363636364,58.659615378670054,260.388,0.79,31.28369403259284,0.03954116585995293,0.04017632583586539,-0.006971820422806845,-0.006365079895990888
2020,11,2020.875,3548.992500000001,58.469230757340114,260.229,0.87,32.47320409661256,0.0426008045653643,0.041620141631180774,-0.004979180391888136,-0.0059150899291318115
2020,12,2020.9583333333333,3695.3099999999995,58.27884613601017,260.474,0.93,33.7655914181171,0.027952997600733553,0.023598829801184662,-0.013371179937883696,-0.017550308213639787
2021,1,2021.0416666666667,3793.748421052632,58.06369311230766,261.582,1.08,34.5124322941069,0.02491528557315137,0.01933505528525492,-0.01591298252305141,-0.02127092015765264
2021,2,2021.125,3883.4321052631576,57.84854008860516,263.014,1.26,35.103907171969816,0.008213576654843013,0.0011223535841047294,-0.03104035058796639,-0.03785548299604502
2021,3,2021.2083333333333,3910.5082608695648,57.63338706490265,264.877,1.61,35.04254511219207,0.06021486112643415,0.05157208568524152,-0.0014045802761282389,-0.009545039616706608
2021,4,2021.2916666666667,4141.176190476191,57.71060542140715,267.054,1.64,36.719814109133,0.007602315186362896,-0.00041149100176851583,0.0031994325587049567,-0.004779355996462065
2021,5,2021.375,4167.849500000001,57.787823777911655,269.195,1.62,36.55213398979905,0.018104227956416752,0.008732434944671796,0.010562420798768495,0.0012600511856062369
2021,6,2021.4583333333333,4238.489545454546,57.86504213441615,271.696,1.52,36.696258013088354,0.030682014698446114,0.02574763158466764,0.019888160978427077,0.015005453365694699
2021,7,2021.5416666666667,4363.7128571428575,58.32818900579217,273.003,1.32,37.443383184615385,0.021851618571687492,0.019744915961816822,0.004832238962549817,0.0027606243936331154
2021,8,2021.625,4454.206363636363,58.79133587716819,273.567,1.28,37.973500614070474,-0.0008449883112717771,-0.003551313905252096,-0.007290752652850167,-0.009979619157093333
2021,9,2021.7083333333333,4445.543333333333,59.254482748544206,274.31,1.37,37.62034668665119,0.00452176068906196,-0.0037551595521999603,-0.018143096647497955,-0.02623326611461463
2021,10,2021.7916666666667,4460.707142857143,59.63536092649366,276.589,1.58,37.2530250003253,0.0474474406056844,0.04232604713718269,0.0031552544396003307,-0.0017495766467303664
2021,11,2021.875,4667.386666666667,60.01623910444312,277.948,1.56,38.5826274977192,0.0026540363482696616,-0.00041719896224268194,0.009613172871081021,0.006520620989703074
2021,12,2021.9583333333333,4674.772727272726,60.397117282392585,278.802,1.47,38.30484987346744,-0.020519528918750862,-0.02869266614596444,-0.02515465613545834,-0.03328911619459518
2022,1,2022.0416666666667,4573.8155,60.921402962953294,281.148,1.76,36.936758070297444,-0.029025698588840076,-0.03781428296907885,-0.013859806693148851,-0.02278566218389322
2022,2,2022.125,4435.980526315789,61.44568864351402,283.716,1.93,35.28714922569486,-0.008925836043681135,-0.021983702831852914,-0.0162352536420448,-0.029196815426242306
2022,3,2022.2083333333333,4391.265217391306,61.969974324074734,287.504,2.13,34.270798693291724,0.0011830183053225252,-0.0043750886521917165,-0.051793472213010644,-0.05705747809694406
2022,4,2022.2916666666667,4391.295999999999,62.65331621604982,289.109,2.75,33.88916475591384,-0.07872730289994778,-0.08877224393799787,-0.010569185720949583,-0.021357277262083807
2022,5,2022.375,4040.3599999999997,63.336658108024906,292.296,2.9,30.67315507954513,-0.03369384868947245,-0.046787251220973936,-0.0179103231543974,-0.031217591708501247
2022,6,2022.4583333333333,3898.9466666666676,64.02,296.311,3.14,29.047721395103835,0.004646853338166057,0.004765535377436292,0.023194030486854488,0.023314903561511224
2022,7,2022.5416666666667,3911.729499999999,64.4527684478357,296.276,2.9,29.00461831720893,0.06447393857770112,0.06485132111532521,0.0024166666666673325,0.0027720483549489305
2022,8,2022.625,4158.5630434782615,64.8855368956714,296.171,2.9,30.69876336517529,-0.0727740414294693,-0.07476402463615317,-0.049094346461124275,-0.05113515028482263
2022,9,2022.7083333333333,3850.520476190475,65.31830534350709,296.808,3.52,28.22988465582196,-0.03091175139401503,-0.034826970416475866,-0.034413961969267944,-0.03831503169058448
2022,10,2022.7916666666667,3726.050952380952,65.85220356233806,298.012,3.98,27.08076692540069,0.05285094197436524,0.053915424420543756,0.01065661082538808,0.011678432793197135
2022,11,2022.875,3917.488571428571,66.38610178116903,297.711,3.89,28.378949016273314,0.00010837456014778368,0.003188254256869749,0.02556129600942322,0.0287195591473679
2022,12,2022.9583333333333,3912.380952380953,66.92,296.797,3.62,28.316901284527283,0.013764563047711675,0.005723438242041912,0.010490306220738876,0.002475152640293743
2023,1,2023.0416666666667,3960.6565,67.35,299.17,3.53,28.334813423755683,0.03146971640739493,0.0257439006036444,-0.015126465287029609,-0.020593619930596385
2023,2,2023.125,4079.684736842105,67.78,300.84,3.75,28.91976294386663,-0.02585427058161205,-0.02855058842055902,0.010549943735714117,0.007752863424056455
2023,3,2023.2083333333333,3968.5591304347827,68.21,301.67499999999995,3.66,27.953041469070055,0.03996221284362278,0.03417556049880788,0.019716795995847528,0.014042795041080414
2023,4,2023.2916666666667,4121.467368421053,68.37666666666667,303.363,3.46,28.76468407710037,0.007376952486787047,0.004846312353882221,-0.006232740092634541,-0.008729191202102804
2023,5,2023.375,4146.1731818181825,68.54333333333332,304.127,3.57,28.761805827303075,0.04942186705265916,0.04604427978566372,-0.011808017053024316,-0.014988534596767411
2023,6,2023.4583333333333,4345.372857142857,68.71,305.109,3.75,29.939593027231528,0.03876041981382938,0.03678274116338942,-0.009102136018481356,-0.010988689946589192
2023,7,2023.5416666666667,4508.075500000001,,305.691,3.9,30.8909260883331,-0.011250211836032253,-0.012190548811265134,-0.01846525652605022,-0.019398731731620877
2023,8,2023.625,4457.358695652174,,305.98199999999997,4.17,30.469742507138623,0.013104465746677008,0.012622945139197705,0.009934742392363133,0.009454728329536088
2023,9,2023.7083333333333,4515.77,,306.12749999999994,4.09,30.810960610791547,,,,
